Card Name,Set Name,Set Code,Card Number,Quantity
Angel of Vitality,Unknown,ANB,1,2
Impassioned Orator,Unknown,ANB,10,3
Prized Unicorn,Unknown,ANB,100,1
Rabid Bite,Unknown,ANB,101,3
Rampaging Brontodon,Unknown,ANB,102,2
Rumbling Baloth,Unknown,ANB,103,2
Sentinel Spider,Unknown,ANB,104,2
Stony Strength,Unknown,ANB,105,2
Wildwood Patrol,Unknown,ANB,108,2
Woodland Mystic,Unknown,ANB,109,2
Inspiring Commander,Unknown,ANB,11,2
World Shaper,Unknown,ANB,110,1
Forest,Unknown,ANB,112,1
Island,Unknown,ANB,113,1
Mountain,Unknown,ANB,114,1
Plains,Unknown,ANB,115,1
Swamp,Unknown,ANB,116,1
Arcane Signet,Unknown,ANB,117,4
Command Tower,Unknown,ANB,118,4
Knight's Pledge,Unknown,ANB,12,2
Leonin Warleader,Unknown,ANB,13,2
Loxodon Line Breaker,Unknown,ANB,14,1
Moorland Inquisitor,Unknown,ANB,15,2
Pacifism,Unknown,ANB,16,3
Sanctuary Cat,Unknown,ANB,17,2
Serra Angel,Unknown,ANB,18,1
Shrine Keeper,Unknown,ANB,19,2
Angelic Guardian,Unknown,ANB,2,1
Spiritual Guardian,Unknown,ANB,21,1
Tactical Advantage,Unknown,ANB,22,4
Cloudkin Seer,Unknown,ANB,25,3
Frilled Sea Serpent,Unknown,ANB,27,1
Glint,Unknown,ANB,28,2
Octoprophet,Unknown,ANB,29,2
Angelic Reward,Unknown,ANB,3,1
Overflowing Insight,Unknown,ANB,30,1
Riddlemaster Sphinx,Unknown,ANB,31,2
Sleep,Unknown,ANB,33,1
Soulblade Djinn,Unknown,ANB,34,2
Sworn Guardian,Unknown,ANB,35,2
Unsummon,Unknown,ANB,36,3
Wall of Runes,Unknown,ANB,37,2
Warden of Evos Isle,Unknown,ANB,38,3
Waterkin Shaman,Unknown,ANB,39,3
Bond of Discipline,Unknown,ANB,4,1
Waterknot,Unknown,ANB,40,3
Windreader Sphinx,Unknown,ANB,41,1
Windstorm Drake,Unknown,ANB,42,2
Winged Words,Unknown,ANB,43,2
Bad Deal,Unknown,ANB,45,1
Compound Fracture,Unknown,ANB,46,4
Cruel Cut,Unknown,ANB,47,1
Demon of Loathing,Unknown,ANB,48,2
Eternal Thirst,Unknown,ANB,49,1
Charmed Stray,Unknown,ANB,5,4
Malakir Cullblade,Unknown,ANB,51,3
Mardu Outrider,Unknown,ANB,52,2
Murder,Unknown,ANB,53,3
Nightmare,Unknown,ANB,54,1
Sanitarium Skeleton,Unknown,ANB,57,3
Savage Gorger,Unknown,ANB,58,3
Confront the Assault,Unknown,ANB,6,1
Sengir Vampire,Unknown,ANB,60,3
Skeleton Archer,Unknown,ANB,61,2
Soulhunter Rakshasa,Unknown,ANB,62,1
Typhoid Rats,Unknown,ANB,63,2
Unlikely Aid,Unknown,ANB,64,3
Vampire Opportunist,Unknown,ANB,65,2
Burn Bright,Unknown,ANB,68,2
Fencing Ace,Unknown,ANB,7,2
Goblin Gang Leader,Unknown,ANB,70,2
Goblin Gathering,Unknown,ANB,71,4
Goblin Trashmaster,Unknown,ANB,72,1
Goblin Tunneler,Unknown,ANB,73,2
Immortal Phoenix,Unknown,ANB,75,1
Inescapable Blaze,Unknown,ANB,76,2
Molten Ravager,Unknown,ANB,78,2
Nest Robber,Unknown,ANB,79,4
Goring Ceratops,Unknown,ANB,8,1
Ogre Battledriver,Unknown,ANB,80,2
Raid Bombardment,Unknown,ANB,82,2
Shock,Unknown,ANB,84,3
Siege Dragon,Unknown,ANB,85,2
Storm Strike,Unknown,ANB,86,2
Tin Street Cadet,Unknown,ANB,87,3
Volcanic Dragon,Unknown,ANB,88,2
Affectionate Indrik,Unknown,ANB,89,2
Hallowed Priest,Unknown,ANB,9,4
Baloth Packhunter,Unknown,ANB,90,4
Colossal Majesty,Unknown,ANB,92,2
Epic Proportions,Unknown,ANB,93,1
Gigantosaurus,Unknown,ANB,96,2
Ilysian Caryatid,Unknown,ANB,98,4
Jungle Delver,Unknown,ANB,99,3
Bristlebud Farmer,Unknown,BIG,17,1
Esoteric Duplicator,Unknown,BIG,5,1
Harvester of Misery,Unknown,BIG,9,1
Nocturnal Hunger,Unknown,BLB,102,2
Persistent Marshstalker,Unknown,BLB,104,1
Psychic Whorl,Unknown,BLB,105,2
Ruthless Negotiation,Unknown,BLB,108,2
Savor,Unknown,BLB,109,3
Scales of Shale,Unknown,BLB,110,2
Stargaze,Unknown,BLB,114,1
Starlit Soothsayer,Unknown,BLB,115,1
Starscape Cleric,Unknown,BLB,116,1
Thornplate Intimidator,Unknown,BLB,117,4
Valley Rotcaller,Unknown,BLB,119,1
Essence Channeler,Unknown,BLB,12,1
Agate Assault,Unknown,BLB,122,1
Alania's Pathmaker,Unknown,BLB,123,2
Brambleguard Captain,Unknown,BLB,127,2
Brazen Collector,Unknown,BLB,128,1
Feather of Flight,Unknown,BLB,13,1
Conduct Electricity,Unknown,BLB,130,2
Emberheart Challenger,Unknown,BLB,133,4
Festival of Embers,Unknown,BLB,134,1
Frilled Sparkshooter,Unknown,BLB,136,3
Heartfire Hero,Unknown,BLB,138,4
Flowerfoot Swordmaster,Unknown,BLB,14,1
Hoarder's Overflow,Unknown,BLB,141,1
Kindlespark Duo,Unknown,BLB,142,1
Might of the Meek,Unknown,BLB,144,2
Quaketusk Boar,Unknown,BLB,146,1
Rabid Gnaw,Unknown,BLB,147,2
Raccoon Rallier,Unknown,BLB,148,3
Roughshod Duo,Unknown,BLB,150,3
Sazacap's Brew,Unknown,BLB,151,2
Season of the Bold,Unknown,BLB,152,1
Steampath Charger,Unknown,BLB,153,3
Sunspine Lynx,Unknown,BLB,155,2
Take Out the Trash,Unknown,BLB,156,3
Teapot Slinger,Unknown,BLB,157,1
Valley Flamecaller,Unknown,BLB,158,2
War Squeak,Unknown,BLB,160,2
Whiskerquill Scribe,Unknown,BLB,161,1
Bakersbane Duo,Unknown,BLB,163,2
Bark-Knuckle Boxer,Unknown,BLB,164,1
Bushy Bodyguard,Unknown,BLB,166,1
Cache Grab,Unknown,BLB,167,1
Intrepid Rabbit,Unknown,BLB,17,4
Druid of the Spade,Unknown,BLB,170,1
Hazardroot Herbalist,Unknown,BLB,174,1
Heaped Harvest,Unknown,BLB,175,1
Hivespine Wolverine,Unknown,BLB,177,1
Hunter's Talent,Unknown,BLB,179,1
Longstalk Brawl,Unknown,BLB,182,1
Mistbreath Elder,Unknown,BLB,184,1
Peerless Recycling,Unknown,BLB,188,2
Stickytongue Sentinel,Unknown,BLB,193,1
Sunshower Druid,Unknown,BLB,195,4
Three Tree Rootweaver,Unknown,BLB,198,3
Lifecreed Duo,Unknown,BLB,20,4
Treetop Sentries,Unknown,BLB,201,3
Wear Down,Unknown,BLB,203,1
"Alania, Divergent Storm",Unknown,BLB,204,2
"Baylen, the Haymaker",Unknown,BLB,205,1
Cindering Cutthroat,Unknown,BLB,208,2
Mabel's Mettle,Unknown,BLB,21,3
Corpseberry Cultivator,Unknown,BLB,210,4
Dreamdew Entrancer,Unknown,BLB,211,1
"Gev, Scaled Scorch",Unknown,BLB,214,1
Head of the Homestead,Unknown,BLB,216,4
"Hugs, Grisly Guardian",Unknown,BLB,218,1
The Infamous Cruelclaw,Unknown,BLB,219,1
Mouse Trapper,Unknown,BLB,22,1
Junkblade Bruiser,Unknown,BLB,220,2
"Mabel, Heir to Cragflame",Unknown,BLB,224,1
Mind Drill Assailant,Unknown,BLB,225,1
Moonrise Cleric,Unknown,BLB,226,1
Plumecreed Mentor,Unknown,BLB,228,1
Pond Prophet,Unknown,BLB,229,3
Nettle Guard,Unknown,BLB,23,2
Seedglaive Mentor,Unknown,BLB,231,1
Tempest Angler,Unknown,BLB,235,3
Veteran Guardmouse,Unknown,BLB,237,4
Vinereap Mentor,Unknown,BLB,238,2
Parting Gust,Unknown,BLB,24,2
Wandertale Mentor,Unknown,BLB,240,1
"Ygra, Eater of All",Unknown,BLB,241,1
"Zoraline, Cosmos Caller",Unknown,BLB,242,1
Barkform Harvester,Unknown,BLB,243,3
Fountainport Bell,Unknown,BLB,245,3
Heirloom Epic,Unknown,BLB,246,1
Short Bow,Unknown,BLB,248,1
Pileated Provisioner,Unknown,BLB,25,2
Three Tree Mascot,Unknown,BLB,251,2
Fabled Passage,Unknown,BLB,252,1
Fountainport,Unknown,BLB,253,1
Hidden Grotto,Unknown,BLB,254,4
Mudflat Village,Unknown,BLB,257,2
Rabbit Response,Unknown,BLB,26,2
Uncharted Haven,Unknown,BLB,261,4
Repel Calamity,Unknown,BLB,27,1
Salvation Swan,Unknown,BLB,28,3
Brave-Kin Duo,Unknown,BLB,3,1
Seasoned Warrenguard,Unknown,BLB,30,1
Shrike Force,Unknown,BLB,31,1
Sonar Strike,Unknown,BLB,32,1
Star Charter,Unknown,BLB,33,1
Starfall Invocation,Unknown,BLB,34,3
Thistledown Players,Unknown,BLB,35,3
Valley Questcaller,Unknown,BLB,36,2
Plains,Unknown,BLB,369,1
Warren Elder,Unknown,BLB,37,1
Plains,Unknown,BLB,370,1
Island,Unknown,BLB,371,1
Island,Unknown,BLB,372,1
Swamp,Unknown,BLB,373,1
Swamp,Unknown,BLB,374,1
Mountain,Unknown,BLB,375,1
Mountain,Unknown,BLB,376,1
Forest,Unknown,BLB,377,1
Forest,Unknown,BLB,378,1
Brightblade Stoat,Unknown,BLB,4,1
Azure Beastbinder,Unknown,BLB,41,1
Bellowing Crier,Unknown,BLB,42,4
Calamitous Tide,Unknown,BLB,43,1
Daring Waverider,Unknown,BLB,44,1
Dazzling Denial,Unknown,BLB,45,1
Dire Downdraft,Unknown,BLB,46,3
Dour Port-Mage,Unknown,BLB,47,1
Builder's Talent,Unknown,BLB,5,1
Gossip's Talent,Unknown,BLB,51,1
Into the Flood Maw,Unknown,BLB,52,1
Kitnap,Unknown,BLB,53,1
Lightshell Duo,Unknown,BLB,56,2
Long River's Pull,Unknown,BLB,58,1
Mind Spiral,Unknown,BLB,59,3
Caretaker's Talent,Unknown,BLB,6,2
Mockingbird,Unknown,BLB,61,1
Nightwhorl Hermit,Unknown,BLB,62,1
Pearl of Wisdom,Unknown,BLB,64,2
Shore Up,Unknown,BLB,69,2
Carrot Cake,Unknown,BLB,7,2
Spellgyre,Unknown,BLB,72,1
Splash Lasher,Unknown,BLB,73,2
Splash Portal,Unknown,BLB,74,1
Sugar Coat,Unknown,BLB,76,1
Thought Shucker,Unknown,BLB,77,1
Crumb and Get It,Unknown,BLB,8,1
Waterspout Warden,Unknown,BLB,80,3
Wishing Well,Unknown,BLB,81,1
Bonebind Orator,Unknown,BLB,84,1
Consumed by Greed,Unknown,BLB,87,2
Daggerfang Duo,Unknown,BLB,89,2
Darkstar Augur,Unknown,BLB,90,2
Diresight,Unknown,BLB,91,2
Early Winter,Unknown,BLB,93,3
Hazel's Nocturne,Unknown,BLB,97,1
Huskburster Swarm,Unknown,BLB,98,2
Aeronaut Cavalry,Unknown,BRO,1,2
Go for the Throat,Unknown,BRO,102,2
Moment of Defiance,Unknown,BRO,108,1
Lay Down Arms,Unknown,BRO,11,2
Overwhelming Remorse,Unknown,BRO,110,2
Powerstone Fracture,Unknown,BRO,112,3
Ravenous Gigamole,Unknown,BRO,113,3
Trench Stalker,Unknown,BRO,116,1
Scrapwork Rager,Unknown,BRO,123,1
Bitter Reunion,Unknown,BRO,127,1
"Feldon, Ronom Excavator",Unknown,BRO,135,1
Horned Stoneseeker,Unknown,BRO,138,1
Mass Production,Unknown,BRO,15,1
Roc Hunter,Unknown,BRO,150,2
Sardian Cliffstomper,Unknown,BRO,151,1
Meticulous Excavation,Unknown,BRO,16,1
Scrapwork Mutt,Unknown,BRO,164,1
Argothian Opportunist,Unknown,BRO,167,1
Blanchwood Prowler,Unknown,BRO,172,3
Burrowing Razormaw,Unknown,BRO,173,2
Bushwhack,Unknown,BRO,174,2
Epic Confrontation,Unknown,BRO,176,3
"Myrel, Shield of Argive",Unknown,BRO,18,1
Gaea's Gift,Unknown,BRO,182,2
Titania's Command,Unknown,BRO,194,1
Haywire Mite,Unknown,BRO,199,1
Simian Simulacrum,Unknown,BRO,205,1
Deathbloom Ritualist,Unknown,BRO,208,1
Prison Sentence,Unknown,BRO,21,3
"Harbin, Vanguard Aviator",Unknown,BRO,212,1
"Mishra, Claimed by Gix",Unknown,BRO,216,1
Skyfisher Spider,Unknown,BRO,221,2
Third Path Iconoclast,Unknown,BRO,223,2
Yotian Tactician,Unknown,BRO,228,2
Recruitment Officer,Unknown,BRO,23,3
Clay Champion,Unknown,BRO,230,1
Aeronaut's Wings,Unknown,BRO,231,1
Cityscape Leveler,Unknown,BRO,233,1
Steel Exemplar,Unknown,BRO,246,1
Stone Retrieval Unit,Unknown,BRO,248,1
Siege Veteran,Unknown,BRO,25,1
Supply Drop,Unknown,BRO,250,1
Swiftgear Drake,Unknown,BRO,251,1
Battlefield Forge,Unknown,BRO,257,1
Fortified Beachhead,Unknown,BRO,262,1
Llanowar Wastes,Unknown,BRO,264,1
Plains,Unknown,BRO,268,1
Plains,Unknown,BRO,269,1
Static Net,Unknown,BRO,27,1
Island,Unknown,BRO,270,1
Island,Unknown,BRO,271,1
Swamp,Unknown,BRO,272,1
Swamp,Unknown,BRO,273,1
Mountain,Unknown,BRO,274,1
Mountain,Unknown,BRO,275,1
Forest,Unknown,BRO,276,1
Forest,Unknown,BRO,277,1
Survivor of Korlis,Unknown,BRO,28,3
Rescue Retriever,Unknown,BRO,288,1
Ambush Paratrooper,Unknown,BRO,3,3
Platoon Dispenser,Unknown,BRO,36,1
Scrapwork Cohort,Unknown,BRO,37,2
Tocasia's Onulet,Unknown,BRO,39,1
Yotian Frontliner,Unknown,BRO,42,4
Defabricate,Unknown,BRO,45,1
Desynchronize,Unknown,BRO,46,2
Fallaji Archaeologist,Unknown,BRO,48,2
Forging the Anchor,Unknown,BRO,50,1
Scatter Ray,Unknown,BRO,61,1
Skystrike Officer,Unknown,BRO,62,1
Stern Lesson,Unknown,BRO,64,1
Zephyr Sentinel,Unknown,BRO,74,3
Coastal Bulwark,Unknown,BRO,76,2
Combat Courier,Unknown,BRO,77,1
In the Trenches,Unknown,BRO,8,1
"Ashnod, Flesh Mechanist",Unknown,BRO,84,1
Ashnod's Intervention,Unknown,BRO,85,2
Emergency Weld,Unknown,BRO,93,1
"Gix, Yawgmoth Praetor",Unknown,BRO,95,1
Gix's Command,Unknown,BRO,97,1
Gixian Infiltrator,Unknown,BRO,98,3
A-Haywire Mite,Unknown,BRO,A-199,1
Ivory Tower,Unknown,BRR,23,1
Liquimetal Coating,Unknown,BRR,28,1
Ornithopter,Unknown,BRR,37,1
Soul-Guide Lantern,Unknown,BRR,54,2
Thorn of Amethyst,Unknown,BRR,60,1
Bone Saw,Unknown,BRR,7,1
Ripclaw Wrangler,Unknown,DFT,101,1
Daring Mechanic,Unknown,DFT,11,1
Wreckage Wickerfolk,Unknown,DFT,110,1
Burner Rocket,Unknown,DFT,114,1
Greasewrench Goblin,Unknown,DFT,132,1
Thunderhead Gunner,Unknown,DFT,148,1
Alacrian Jaguar,Unknown,DFT,152,1
Migrating Ketradon,Unknown,DFT,170,1
Veloheart Bike,Unknown,DFT,184,1
Webstrike Elite,Unknown,DFT,186,1
Boosted Sloop,Unknown,DFT,190,1
Skyserpent Seeker,Unknown,DFT,224,1
Guidelight Matrix,Unknown,DFT,233,1
Marshals' Pathcruiser,Unknown,DFT,236,1
Starting Column,Unknown,DFT,244,1
Wreck Remover,Unknown,DFT,247,1
Avishkar Raceway,Unknown,DFT,249,1
Dismal Backwater,Unknown,DFT,254,1
Scoured Barrens,Unknown,DFT,263,1
Swiftwater Cliffs,Unknown,DFT,265,1
Tranquil Cove,Unknown,DFT,267,1
Willowrush Verge,Unknown,DFT,270,1
Wind-Scarred Crag,Unknown,DFT,271,1
Plains,Unknown,DFT,277,1
Plains,Unknown,DFT,278,1
Plains,Unknown,DFT,279,1
Island,Unknown,DFT,280,1
Island,Unknown,DFT,281,1
Island,Unknown,DFT,282,1
Swamp,Unknown,DFT,283,1
Swamp,Unknown,DFT,284,1
Swamp,Unknown,DFT,285,1
Mountain,Unknown,DFT,286,1
Mountain,Unknown,DFT,287,1
Mountain,Unknown,DFT,288,1
Forest,Unknown,DFT,289,1
Forest,Unknown,DFT,290,1
Forest,Unknown,DFT,291,1
"Sundial, Dawn Tyrant",Unknown,DFT,31,1
Brightfield Glider,Unknown,DFT,4,1
Flood the Engine,Unknown,DFT,42,1
Gearseeker Serpent,Unknown,DFT,43,1
Spectral Interference,Unknown,DFT,63,1
Stall Out,Unknown,DFT,66,1
Bulwark Ox,Unknown,DFT,7,1
Trip Up,Unknown,DFT,71,1
Unstoppable Plan,Unknown,DFT,72,1
Engine Rat,Unknown,DFT,84,1
Grim Javelineer,Unknown,DFT,89,1
Maximum Overdrive,Unknown,DFT,96,1
Mutant Surveyor,Unknown,DFT,98,1
Sengir Connoisseur,Unknown,DMU,104,2
Citizen's Arrest,Unknown,DMU,11,3
Tribute to Urborg,Unknown,DMU,113,2
Urborg Repossession,Unknown,DMU,114,2
Dragon Whelp,Unknown,DMU,120,2
Electrostatic Infantry,Unknown,DMU,122,2
Ghitu Amplifier,Unknown,DMU,127,2
Hurloon Battle Hymn,Unknown,DMU,131,2
Lightning Strike,Unknown,DMU,137,3
Shivan Devastator,Unknown,DMU,143,1
Sprouting Goblin,Unknown,DMU,145,2
"Danitha, Benalia's Hope",Unknown,DMU,15,1
Viashino Branchrider,Unknown,DMU,150,3
Bite Down,Unknown,DMU,155,2
Colossal Growth,Unknown,DMU,158,2
Llanowar Loamspeaker,Unknown,DMU,170,1
Quirion Beastcaller,Unknown,DMU,175,2
Strength of the Coalition,Unknown,DMU,180,2
"Astor, Bearer of Blades",Unknown,DMU,194,1
"Baird, Argivian Recruiter",Unknown,DMU,195,2
"Najal, the Storm Runner",Unknown,DMU,208,1
Juniper Order Rootweaver,Unknown,DMU,22,3
"Tura Kennerüd, Skyknight",Unknown,DMU,224,1
"Vohar, Vodalian Desecrator",Unknown,DMU,226,2
Caves of Koilos,Unknown,DMU,244,1
Contaminated Aquifer,Unknown,DMU,245,4
Geothermal Bog,Unknown,DMU,247,4
Haunted Mire,Unknown,DMU,248,4
Idyllic Beachfront,Unknown,DMU,249,4
Karplusan Forest,Unknown,DMU,250,1
Molten Tributary,Unknown,DMU,251,4
Radiant Grove,Unknown,DMU,253,4
Sacred Peaks,Unknown,DMU,254,4
Shivan Reef,Unknown,DMU,255,1
Sulfurous Springs,Unknown,DMU,256,2
Sunlit Marsh,Unknown,DMU,257,4
Tangled Islet,Unknown,DMU,258,4
Mesa Cavalier,Unknown,DMU,26,1
Wooded Ridgeline,Unknown,DMU,260,4
Yavimaya Coast,Unknown,DMU,261,1
Plains,Unknown,DMU,262,1
Plains,Unknown,DMU,263,1
Plains,Unknown,DMU,264,1
Island,Unknown,DMU,265,1
Island,Unknown,DMU,266,1
Island,Unknown,DMU,267,1
Swamp,Unknown,DMU,268,1
Swamp,Unknown,DMU,269,1
Phyrexian Missionary,Unknown,DMU,27,2
Swamp,Unknown,DMU,270,1
Mountain,Unknown,DMU,271,1
Mountain,Unknown,DMU,272,1
Mountain,Unknown,DMU,273,1
Forest,Unknown,DMU,274,1
Forest,Unknown,DMU,275,1
Forest,Unknown,DMU,276,1
Serra Redeemer,Unknown,DMU,282,1
Resolute Reinforcements,Unknown,DMU,29,4
Temporary Lockdown,Unknown,DMU,36,1
Valiant Veteran,Unknown,DMU,38,1
Academy Wall,Unknown,DMU,41,3
Haughty Djinn,Unknown,DMU,52,1
Impede Momentum,Unknown,DMU,54,2
Phyrexian Espionage,Unknown,DMU,60,2
Rona's Vortex,Unknown,DMU,63,2
Shore Up,Unknown,DMU,64,2
Tolarian Terror,Unknown,DMU,72,3
Benalish Sleeper,Unknown,DMU,8,3
Braids's Frightful Return,Unknown,DMU,85,1
Cult Conscript,Unknown,DMU,88,2
Monstrous War-Leech,Unknown,DMU,98,1
A-Sprouting Goblin,Unknown,DMU,A-145,2
A-Llanowar Loamspeaker,Unknown,DMU,A-170,1
Fear of Immobility,Unknown,DSK,10,2
Live or Die,Unknown,DSK,107,1
Meathook Massacre II,Unknown,DSK,108,1
Fear of Surveillance,Unknown,DSK,11,1
Murder,Unknown,DSK,110,1
Resurrected Cultist,Unknown,DSK,115,1
Spectral Snatcher,Unknown,DSK,116,1
Unstoppable Slasher,Unknown,DSK,119,1
Bedhead Beastie,Unknown,DSK,125,1
Fear of Burning Alive,Unknown,DSK,135,1
Infernal Phantom,Unknown,DSK,141,1
Leyline of Resonance,Unknown,DSK,143,1
Most Valuable Slayer,Unknown,DSK,144,1
Grand Entryway // Elegant Rotunda,Unknown,DSK,15,1
Bashful Beastie,Unknown,DSK,169,1
Frantic Strength,Unknown,DSK,179,1
Leyline of Hope,Unknown,DSK,18,1
Grasping Longneck,Unknown,DSK,180,2
Say Its Name,Unknown,DSK,197,1
Spineseeker Centipede,Unknown,DSK,199,1
Living Phone,Unknown,DSK,20,1
Under the Skin,Unknown,DSK,203,1
Walk-In Closet // Forgotten Cellar,Unknown,DSK,205,1
Wary Watchdog,Unknown,DSK,206,1
Disturbing Mirth,Unknown,DSK,212,1
Malevolent Chandelier,Unknown,DSK,252,1
Etched Cornfield,Unknown,DSK,258,2
Strangled Cemetery,Unknown,DSK,268,1
Plains,Unknown,DSK,277,1
Plains,Unknown,DSK,278,1
Island,Unknown,DSK,279,1
Island,Unknown,DSK,280,1
Swamp,Unknown,DSK,281,1
Swamp,Unknown,DSK,282,1
Mountain,Unknown,DSK,283,1
Mountain,Unknown,DSK,284,1
Forest,Unknown,DSK,285,1
Forest,Unknown,DSK,286,1
Trapped in the Screen,Unknown,DSK,36,1
Unsettling Twins,Unknown,DSK,38,1
Daggermaw Megalodon,Unknown,DSK,48,1
Emerge from the Cocoon,Unknown,DSK,5,1
Erratic Apparition,Unknown,DSK,54,1
Piranha Fly,Unknown,DSK,70,1
Stalked Researcher,Unknown,DSK,73,1
"Stay Hidden, Stay Silent",Unknown,DSK,74,1
Tunnel Surveyor,Unknown,DSK,76,1
Unable to Scream,Unknown,DSK,78,2
Underwater Tunnel // Slimy Aquarium,Unknown,DSK,79,1
Balemurk Leech,Unknown,DSK,84,1
Cackling Slasher,Unknown,DSK,85,1
A-Leyline of Resonance,Unknown,DSK,A-143,1
Heirloom Auntie,Unknown,ECL,107,1
Moonglove Extractor,Unknown,ECL,109,1
Boldwyr Aggressor,Unknown,ECL,125,1
Boulder Dash,Unknown,ECL,127,1
Brambleback Brute,Unknown,ECL,128,1
Collective Inferno,Unknown,ECL,132,1
Feed the Flames,Unknown,ECL,137,1
Flame-Chain Mauler,Unknown,ECL,138,1
Kulrath Zealot,Unknown,ECL,148,1
Tweeze,Unknown,ECL,162,1
Assert Perfection,Unknown,ECL,164,1
Goldmeadow Nomad,Unknown,ECL,18,1
Lys Alana Informant,Unknown,ECL,181,1
Unforgiving Aim,Unknown,ECL,200,1
Vinebred Brawler,Unknown,ECL,201,1
Wildvine Pummeler,Unknown,ECL,203,1
Feisty Spikeling,Unknown,ECL,223,1
Liminal Hold,Unknown,ECL,24,1
Stoic Grove-Guide,Unknown,ECL,243,1
Firdoch Core,Unknown,ECL,255,1
Foraging Wickermaw,Unknown,ECL,256,1
Stalactite Dagger,Unknown,ECL,261,1
Plains,Unknown,ECL,269,1
Island,Unknown,ECL,270,1
Swamp,Unknown,ECL,271,1
Mountain,Unknown,ECL,272,1
Forest,Unknown,ECL,273,1
Riverguard's Reflexes,Unknown,ECL,33,1
Spiral into Solitude,Unknown,ECL,36,1
Tributary Vaulter,Unknown,ECL,40,1
Flitterwing Nuisance,Unknown,ECL,48,1
Glamermite,Unknown,ECL,50,2
Gravelgill Scoundrel,Unknown,ECL,53,1
Noggle the Mind,Unknown,ECL,60,1
Unexpected Assistance,Unknown,ECL,80,1
Auntie's Sentence,Unknown,ECL,85,1
Bile-Vial Boggart,Unknown,ECL,87,1
Champion of the Clachan,Unknown,ECL,9,1
Bogslither's Embrace,Unknown,ECL,94,1
Creakwood Safewright,Unknown,ECL,96,1
Gravblade Heavy,Unknown,EOE,102,1
Gravpack Monoist,Unknown,EOE,104,2
Insatiable Skittermaw,Unknown,EOE,108,1
Perigee Beckoner,Unknown,EOE,112,1
"Sothera, the Supervoid",Unknown,EOE,115,1
Temporal Intervention,Unknown,EOE,120,1
Virus Beetle,Unknown,EOE,124,1
"Xu-Ifit, Osteoharmonist",Unknown,EOE,127,2
Zero Point Ballad,Unknown,EOE,128,1
Kav Landseeker,Unknown,EOE,138,1
Kavaron Skywarden,Unknown,EOE,140,1
Oreplate Pangolin,Unknown,EOE,150,1
Rust Harvester,Unknown,EOE,159,1
Slagdrill Scrapper,Unknown,EOE,160,1
Flight-Deck Coordinator,Unknown,EOE,17,1
Diplomatic Relations,Unknown,EOE,177,1
Focus Fire,Unknown,EOE,18,1
Eumidian Terrabotanist,Unknown,EOE,180,1
Fungal Colossus,Unknown,EOE,184,1
Hemosymbic Mite,Unknown,EOE,190,1
"Tezzeret, Cruel Captain",Unknown,EOE,2,1
Knight Luminary,Unknown,EOE,23,1
Pinnacle Kill-Ship,Unknown,EOE,244,1
Thaumaton Torpedo,Unknown,EOE,246,1
Plains,Unknown,EOE,267,1
Plains,Unknown,EOE,268,1
Island,Unknown,EOE,269,1
Island,Unknown,EOE,270,1
Swamp,Unknown,EOE,271,1
Swamp,Unknown,EOE,272,1
Mountain,Unknown,EOE,273,1
Mountain,Unknown,EOE,274,1
Forest,Unknown,EOE,275,1
Forest,Unknown,EOE,276,1
Radiant Strike,Unknown,EOE,29,1
Reroute Systems,Unknown,EOE,31,1
Sunstar Chaplain,Unknown,EOE,40,1
Cloudsculpt Technician,Unknown,EOE,49,1
Lost in Space,Unknown,EOE,62,2
Selfcraft Mechan,Unknown,EOE,74,1
Brightspear Zealot,Unknown,EOE,8,1
Uthros Scanship,Unknown,EOE,85,1
Comet Crawler,Unknown,EOE,92,1
Dark Endurance,Unknown,EOE,93,1
Embrace Oblivion,Unknown,EOE,98,1
Entropic Battlecruiser,Unknown,EOE,99,1
Strip Mine,Unknown,EOS,40,1
Nature's Claim,Unknown,FCA,47,1
Divine Resilience,Unknown,FDN,10,1
Beast-Kin Ranger,Unknown,FDN,100,2
Cackling Prowler,Unknown,FDN,101,2
Eager Trufflesnout,Unknown,FDN,102,2
Elfsworn Giant,Unknown,FDN,103,2
Felling Blow,Unknown,FDN,105,2
"Loot, Exuberant Explorer",Unknown,FDN,106,1
Mossborn Hydra,Unknown,FDN,107,1
Needletooth Pack,Unknown,FDN,108,2
Quilled Greatwurm,Unknown,FDN,111,1
Spinner of Souls,Unknown,FDN,112,1
"Alesha, Who Laughs at Fate",Unknown,FDN,115,1
Anthem of Champions,Unknown,FDN,116,1
Ashroot Animist,Unknown,FDN,117,1
Dreadwing Scavenger,Unknown,FDN,118,4
"Elenda, Saint of Dusk",Unknown,FDN,119,1
Felidar Savior,Unknown,FDN,12,2
Fiendish Panda,Unknown,FDN,120,2
"Niv-Mizzet, Visionary",Unknown,FDN,123,1
Perforating Artist,Unknown,FDN,124,3
Wardens of the Cycle,Unknown,FDN,125,3
Quick-Draw Katana,Unknown,FDN,130,1
Ajani's Pridemate,Unknown,FDN,135,3
Banishing Light,Unknown,FDN,138,4
"Giada, Font of Hope",Unknown,FDN,141,1
Healer's Hawk,Unknown,FDN,142,2
Resolute Reinforcements,Unknown,FDN,145,1
Savannah Lions,Unknown,FDN,146,3
Serra Angel,Unknown,FDN,147,1
Youthful Valkyrie,Unknown,FDN,149,2
Aegis Turtle,Unknown,FDN,150,2
Brineborn Cutthroat,Unknown,FDN,152,2
Essence Scatter,Unknown,FDN,153,2
Mocking Sprite,Unknown,FDN,159,1
Helpful Hunter,Unknown,FDN,16,4
Spectral Sailor,Unknown,FDN,164,2
Bake into a Pie,Unknown,FDN,169,2
Diregraf Ghoul,Unknown,FDN,171,4
Eaten Alive,Unknown,FDN,172,2
Fake Your Own Death,Unknown,FDN,174,1
Hero's Downfall,Unknown,FDN,175,3
Phyrexian Arena,Unknown,FDN,180,1
Reassembling Skeleton,Unknown,FDN,182,2
Rise of the Dark Realms,Unknown,FDN,183,1
Vampire Nighthawk,Unknown,FDN,186,2
Zombify,Unknown,FDN,187,3
Abrade,Unknown,FDN,188,1
Axgard Cavalry,Unknown,FDN,189,2
Burst Lightning,Unknown,FDN,192,4
"Drakuseth, Maw of Flames",Unknown,FDN,193,1
"Etali, Primal Storm",Unknown,FDN,194,1
Fanatical Firebrand,Unknown,FDN,195,3
Frenzied Goblin,Unknown,FDN,199,2
"Arahbo, the First Fang",Unknown,FDN,2,1
Goblin Surprise,Unknown,FDN,200,2
Heartfire Immolator,Unknown,FDN,201,2
"Krenko, Mob Boss",Unknown,FDN,204,1
Bushwhack,Unknown,FDN,215,1
Raise the Past,Unknown,FDN,22,1
Garruk's Uprising,Unknown,FDN,220,1
Giant Growth,Unknown,FDN,223,3
Llanowar Elves,Unknown,FDN,227,3
Mild-Mannered Librarian,Unknown,FDN,228,3
Nessian Hornbeetle,Unknown,FDN,229,3
Overrun,Unknown,FDN,230,1
Scavenging Ooze,Unknown,FDN,232,1
Snakeskin Veil,Unknown,FDN,233,1
Vivien Reid,Unknown,FDN,234,1
Wary Thespian,Unknown,FDN,235,1
"Balmor, Battlemage Captain",Unknown,FDN,237,1
Empyrean Eagle,Unknown,FDN,239,3
Good-Fortune Unicorn,Unknown,FDN,240,3
Heroic Reinforcements,Unknown,FDN,241,2
"Ruby, Daring Tracker",Unknown,FDN,245,2
"Tatyova, Benthic Druid",Unknown,FDN,247,2
Sun-Blessed Healer,Unknown,FDN,25,2
Gleaming Barrier,Unknown,FDN,252,3
Goldvein Pick,Unknown,FDN,253,3
Bloodfell Caves,Unknown,FDN,259,1
Blossoming Sands,Unknown,FDN,260,1
Evolving Wilds,Unknown,FDN,262,1
Jungle Hollow,Unknown,FDN,263,1
Rugged Highlands,Unknown,FDN,265,1
Scoured Barrens,Unknown,FDN,266,1
Swiftwater Cliffs,Unknown,FDN,268,1
Thornwood Falls,Unknown,FDN,269,1
Tranquil Cove,Unknown,FDN,270,1
Wind-Scarred Crag,Unknown,FDN,271,1
Plains,Unknown,FDN,272,1
Plains,Unknown,FDN,273,1
Island,Unknown,FDN,274,1
Island,Unknown,FDN,275,1
Swamp,Unknown,FDN,276,1
Swamp,Unknown,FDN,277,1
Mountain,Unknown,FDN,278,1
Mountain,Unknown,FDN,279,1
Vanguard Seraph,Unknown,FDN,28,2
Forest,Unknown,FDN,280,1
Forest,Unknown,FDN,281,1
Arcane Epiphany,Unknown,FDN,29,2
Archmage of Runes,Unknown,FDN,30,1
Bigfin Bouncer,Unknown,FDN,31,2
Curator of Destinies,Unknown,FDN,34,1
Drake Hatcher,Unknown,FDN,35,1
Faebloom Trick,Unknown,FDN,38,3
Cat Collector,Unknown,FDN,4,2
High Fae Trickster,Unknown,FDN,40,1
Inspiration from Beyond,Unknown,FDN,43,2
"Kiora, the Rising Tide",Unknown,FDN,45,1
Mischievous Mystic,Unknown,FDN,47,2
Inspiring Overseer,Unknown,FDN,496,1
Leonin Vanguard,Unknown,FDN,499,3
Celestial Armor,Unknown,FDN,5,1
Moment of Triumph,Unknown,FDN,500,2
Twinblade Paladin,Unknown,FDN,503,2
Exclusion Mage,Unknown,FDN,508,3
Opt,Unknown,FDN,512,4
Quick Study,Unknown,FDN,513,1
Crow of Dark Tidings,Unknown,FDN,519,2
Moment of Craving,Unknown,FDN,524,2
Undying Malice,Unknown,FDN,528,2
Dragon Fodder,Unknown,FDN,535,2
Abyssal Harvester,Unknown,FDN,54,1
Scorching Dragonfire,Unknown,FDN,545,2
Skyraker Giant,Unknown,FDN,547,2
Arbiter of Woe,Unknown,FDN,55,2
Druid of the Cowl,Unknown,FDN,554,4
Magnigoth Sentry,Unknown,FDN,556,2
Billowing Shriekmass,Unknown,FDN,56,2
Angelic Destiny,Unknown,FDN,565,1
Crusader of Odric,Unknown,FDN,569,3
Dawnwing Marshal,Unknown,FDN,570,2
Regal Caracal,Unknown,FDN,579,1
Release the Dogs,Unknown,FDN,580,2
Stasis Snare,Unknown,FDN,581,3
Valorous Stance,Unknown,FDN,583,2
Arcanis the Omnipotent,Unknown,FDN,585,1
Chart a Course,Unknown,FDN,586,2
Dive Down,Unknown,FDN,588,3
Fog Bank,Unknown,FDN,591,2
Claws Out,Unknown,FDN,6,4
Gutless Plunderer,Unknown,FDN,60,1
Midnight Reaper,Unknown,FDN,609,1
High-Society Hunter,Unknown,FDN,61,1
Tribute to Hunger,Unknown,FDN,614,2
Vampiric Rites,Unknown,FDN,615,1
Ghitu Lavarunner,Unknown,FDN,623,4
Giant Cindermaw,Unknown,FDN,624,2
Infernal Vessel,Unknown,FDN,63,2
Circuitous Route,Unknown,FDN,635,2
Infestation Sage,Unknown,FDN,64,3
Primeval Bounty,Unknown,FDN,644,1
Rampaging Baloths,Unknown,FDN,645,1
Vizier of the Menagerie,Unknown,FDN,649,1
Midnight Snack,Unknown,FDN,65,1
"Aurelia, the Warleader",Unknown,FDN,651,1
Cloudblazer,Unknown,FDN,653,2
Enigma Drake,Unknown,FDN,657,2
"Halana and Alena, Partners",Unknown,FDN,659,1
Mortify,Unknown,FDN,662,2
"Ovika, Enigma Goliath",Unknown,FDN,663,1
Sanguine Syphoner,Unknown,FDN,68,3
Azorius Guildgate,Unknown,FDN,683,4
Boros Guildgate,Unknown,FDN,684,2
Dimir Guildgate,Unknown,FDN,688,4
Golgari Guildgate,Unknown,FDN,689,4
Gruul Guildgate,Unknown,FDN,690,4
Izzet Guildgate,Unknown,FDN,691,4
Orzhov Guildgate,Unknown,FDN,692,4
Rakdos Guildgate,Unknown,FDN,693,4
Selesnya Guildgate,Unknown,FDN,694,4
Simic Guildgate,Unknown,FDN,695,4
Temple of Abandon,Unknown,FDN,696,1
Temple of Deceit,Unknown,FDN,697,1
Temple of Enlightenment,Unknown,FDN,698,1
Temple of Epiphany,Unknown,FDN,699,1
Soul-Shackled Zombie,Unknown,FDN,70,1
Temple of Malady,Unknown,FDN,700,1
Temple of Malice,Unknown,FDN,701,1
Temple of Mystery,Unknown,FDN,702,1
Temple of Plenty,Unknown,FDN,703,1
Temple of Silence,Unknown,FDN,704,1
Temple of Triumph,Unknown,FDN,705,1
Lyra Dawnbringer,Unknown,FDN,707,1
Stab,Unknown,FDN,71,4
Massacre Wurm,Unknown,FDN,714,1
Unflinching Courage,Unknown,FDN,722,1
Tragic Banshee,Unknown,FDN,73,2
Hinterland Sanctifier,Unknown,FDN,730,2
Vampire Gourmand,Unknown,FDN,74,3
Vengeful Bloodwitch,Unknown,FDN,76,2
Battlesong Berserker,Unknown,FDN,78,2
Dauntless Veteran,Unknown,FDN,8,2
Bulk Up,Unknown,FDN,80,1
Courageous Goblin,Unknown,FDN,82,2
Fiery Annihilation,Unknown,FDN,86,2
Goblin Boarders,Unknown,FDN,87,3
Dazzling Angel,Unknown,FDN,9,2
Incinerating Blast,Unknown,FDN,90,1
Searslicer Goblin,Unknown,FDN,93,1
Slumbering Cerberus,Unknown,FDN,94,3
Strongbox Raider,Unknown,FDN,96,2
Apothecary Stomper,Unknown,FDN,99,2
Shinra Reinforcements,Unknown,FIN,118,2
"Sidequest: Hunt the Mark // Yiazmat, Ultimate Mark",Unknown,FIN,119,1
Sabotender,Unknown,FIN,153,1
Clash of the Eikons,Unknown,FIN,180,1
Commune with Beavers,Unknown,FIN,182,1
"Torgal, A Fine Hound",Unknown,FIN,208,1
Magitek Armor,Unknown,FIN,24,1
Excalibur II,Unknown,FIN,257,1
The Regalia,Unknown,FIN,267,1
"Insomnia, Crown City",Unknown,FIN,282,1
"Jidoor, Aristocratic Capital // Overture",Unknown,FIN,284,1
"Sharlayan, Nation of Scholars",Unknown,FIN,288,1
"Vector, Imperial Capital",Unknown,FIN,291,1
Plains,Unknown,FIN,294,1
Island,Unknown,FIN,297,1
Swamp,Unknown,FIN,300,1
Mountain,Unknown,FIN,303,1
Forest,Unknown,FIN,306,1
Slash of Light,Unknown,FIN,32,1
Snow Villiers,Unknown,FIN,33,1
You're Not Alone,Unknown,FIN,44,1
Combat Tutorial,Unknown,FIN,48,2
Scorpion Sentinel,Unknown,FIN,72,1
Stolen Uniform,Unknown,FIN,75,1
Stuck in Summoner's Sanctum,Unknown,FIN,76,1
Black Mage's Rod,Unknown,FIN,90,1
Snow-Covered Plains,Unknown,KHM,276,1
Snow-Covered Plains,Unknown,KHM,277,1
Snow-Covered Island,Unknown,KHM,278,1
Snow-Covered Island,Unknown,KHM,279,1
Snow-Covered Swamp,Unknown,KHM,280,1
Snow-Covered Swamp,Unknown,KHM,281,1
Snow-Covered Mountain,Unknown,KHM,282,1
Snow-Covered Mountain,Unknown,KHM,283,1
Snow-Covered Forest,Unknown,KHM,284,1
Snow-Covered Forest,Unknown,KHM,285,1
Bring Low,Unknown,KTK,103,1
Dragon Grip,Unknown,KTK,107,1
Monastery Swiftspear,Unknown,KTK,118,4
Tormenting Voice,Unknown,KTK,123,1
Alpine Grizzly,Unknown,KTK,127,1
Naturalize,Unknown,KTK,142,1
Windstorm,Unknown,KTK,157,1
Mantis Rider,Unknown,KTK,184,1
Savage Knuckleblade,Unknown,KTK,197,1
Surrak Dragonclaw,Unknown,KTK,206,1
Abzan Banner,Unknown,KTK,215,1
Witness of the Ages,Unknown,KTK,228,1
Bloodfell Caves,Unknown,KTK,229,1
Swiftwater Cliffs,Unknown,KTK,243,1
Plains,Unknown,KTK,250,1
Plains,Unknown,KTK,251,1
Plains,Unknown,KTK,252,1
Plains,Unknown,KTK,253,1
Island,Unknown,KTK,256,1
Island,Unknown,KTK,257,1
Swamp,Unknown,KTK,259,1
War Behemoth,Unknown,KTK,29,1
Scaldkin,Unknown,KTK,52,1
Weave Fate,Unknown,KTK,61,1
Bitter Revelation,Unknown,KTK,65,2
Kheru Dreadmaw,Unknown,KTK,76,1
Ruthless Ripper,Unknown,KTK,88,1
Sidisi's Pet,Unknown,KTK,90,1
Dusk Rose Reliquary,Unknown,LCI,10,2
Deep-Cavern Bat,Unknown,LCI,102,2
Fanatical Offering,Unknown,LCI,105,1
Greedy Freebooter,Unknown,LCI,109,2
Join the Dead,Unknown,LCI,110,2
Primordial Gnawer,Unknown,LCI,114,1
Rampaging Spiketail,Unknown,LCI,116,1
Screaming Phantom,Unknown,LCI,118,2
Skullcap Snail,Unknown,LCI,119,2
Stinging Cave Crawler,Unknown,LCI,124,1
Abrade,Unknown,LCI,131,2
Belligerent Yearling,Unknown,LCI,133,1
Bonehoard Dracosaur,Unknown,LCI,134,1
Brazen Blademaster,Unknown,LCI,136,2
"Breeches, Eager Pillager",Unknown,LCI,137,1
Burning Sun Cavalry,Unknown,LCI,138,3
Calamitous Cave-In,Unknown,LCI,139,1
Child of the Volcano,Unknown,LCI,140,2
Curator of Sun's Creation,Unknown,LCI,141,2
Daring Discovery,Unknown,LCI,142,2
Dinotomaton,Unknown,LCI,144,3
Dire Flail // Dire Blunderbuss,Unknown,LCI,145,1
Dowsing Device // Geode Grotto,Unknown,LCI,146,1
Dreadmaw's Ire,Unknown,LCI,147,2
Etali's Favor,Unknown,LCI,149,3
Geological Appraiser,Unknown,LCI,150,2
Goblin Tomb Raider,Unknown,LCI,151,1
Hit the Mother Lode,Unknown,LCI,153,1
Idol of the Deep King // Sovereign's Macuahuitl,Unknown,LCI,155,1
"Inti, Seneschal of the Sun",Unknown,LCI,156,1
Panicked Altisaur,Unknown,LCI,159,2
Guardian of the Great Door,Unknown,LCI,16,2
Plundering Pirate,Unknown,LCI,160,2
Poetic Ingenuity,Unknown,LCI,161,1
Rampaging Ceratops,Unknown,LCI,162,2
Rumbling Rockslide,Unknown,LCI,163,2
Seismic Monstrosaur,Unknown,LCI,166,1
Sunshot Militia,Unknown,LCI,168,1
Trumpeting Carnosaur,Unknown,LCI,171,1
Zoyowa's Justice,Unknown,LCI,173,1
Armored Kincaller,Unknown,LCI,174,3
Basking Capybara,Unknown,LCI,175,2
Cavern Stomper,Unknown,LCI,177,2
Ironpaw Aspirant,Unknown,LCI,18,2
Earthshaker Dreadmaw,Unknown,LCI,183,1
"Ghalta, Stampede Tyrant",Unknown,LCI,185,1
Huatli's Final Strike,Unknown,LCI,190,3
Hulking Raptor,Unknown,LCI,191,1
In the Presence of Ages,Unknown,LCI,192,2
Jadelight Spelunker,Unknown,LCI,196,1
Malamet Brawler,Unknown,LCI,199,1
Acrobatic Leap,Unknown,LCI,2,2
Malamet Veteran,Unknown,LCI,201,1
Over the Edge,Unknown,LCI,205,1
Pathfinding Axejaw,Unknown,LCI,206,2
Poison Dart Frog,Unknown,LCI,207,2
Pugnacious Hammerskull,Unknown,LCI,208,1
River Herald Guide,Unknown,LCI,209,2
Seeker of Sunlight,Unknown,LCI,210,1
Sentinel of the Nameless City,Unknown,LCI,211,1
Staggering Size,Unknown,LCI,214,1
"Anim Pakal, Thousandth Moon",Unknown,LCI,223,1
Caparocti Sunborn,Unknown,LCI,226,1
"Captain Storm, Cosmium Raider",Unknown,LCI,227,1
Deepfathom Echo,Unknown,LCI,228,1
"Itzquinth, Firstborn of Gishath",Unknown,LCI,230,2
Miner's Guidewing,Unknown,LCI,24,2
Sovereign Okinec Ahau,Unknown,LCI,240,1
"Uchbenbak, the Great Mistake",Unknown,LCI,242,1
Zoyowa Lava-Tongue,Unknown,LCI,245,1
Careening Mine Cart,Unknown,LCI,247,2
Cartographer's Companion,Unknown,LCI,248,1
"Chimil, the Inner Sun",Unknown,LCI,249,1
Compass Gnome,Unknown,LCI,250,1
Hoverstone Pilgrim,Unknown,LCI,254,2
"Matzalantli, the Great Door // The Core",Unknown,LCI,256,1
Roaming Throne,Unknown,LCI,258,1
Scampering Surveyor,Unknown,LCI,260,1
Captivating Cave,Unknown,LCI,268,1
Cavern of Souls,Unknown,LCI,269,2
Cavernous Maw,Unknown,LCI,270,1
Echoing Deeps,Unknown,LCI,271,1
Forgotten Monument,Unknown,LCI,272,1
Hidden Courtyard,Unknown,LCI,274,2
Hidden Nursery,Unknown,LCI,276,1
Hidden Volcano,Unknown,LCI,277,2
Pit of Offerings,Unknown,LCI,278,1
Promising Vein,Unknown,LCI,279,1
Oltec Cloud Guard,Unknown,LCI,28,2
Oteclan Landmark // Oteclan Levitator,Unknown,LCI,29,2
Adaptive Gemguard,Unknown,LCI,3,1
Petrify,Unknown,LCI,30,2
Resplendent Angel,Unknown,LCI,32,1
Sanguine Evangelist,Unknown,LCI,34,2
Soaring Sandwing,Unknown,LCI,35,2
Thousand Moons Infantry,Unknown,LCI,38,2
Thousand Moons Smithy // Barracks of the Thousand,Unknown,LCI,39,1
Sunken Citadel,Unknown,LCI,392,1
Plains,Unknown,LCI,393,1
Plains,Unknown,LCI,394,1
Island,Unknown,LCI,395,1
Island,Unknown,LCI,396,1
Swamp,Unknown,LCI,397,1
Swamp,Unknown,LCI,398,1
Mountain,Unknown,LCI,399,1
Attentive Sunscribe,Unknown,LCI,4,2
Tinker's Tote,Unknown,LCI,40,2
Mountain,Unknown,LCI,400,1
Forest,Unknown,LCI,401,1
Unstable Glyphbridge // Sandswirl Wanderglyph,Unknown,LCI,41,1
Vanguard of the Rose,Unknown,LCI,42,1
Warden of the Inner Sky,Unknown,LCI,43,4
Chart a Course,Unknown,LCI,48,1
Didact Echo,Unknown,LCI,53,1
Frilled Cave-Wurm,Unknown,LCI,57,1
Clay-Fired Bricks // Cosmium Kiln,Unknown,LCI,6,1
Inverted Iceberg // Iceberg Titan,Unknown,LCI,60,1
Oaken Siren,Unknown,LCI,66,1
Orazca Puzzle-Door,Unknown,LCI,68,2
Pirate Hat,Unknown,LCI,70,1
Relic's Roar,Unknown,LCI,71,2
River Herald Scout,Unknown,LCI,72,2
Shipwreck Sentry,Unknown,LCI,75,1
Spyglass Siren,Unknown,LCI,78,1
Staunch Crewmate,Unknown,LCI,79,1
Tishana's Tidebinder,Unknown,LCI,81,2
Unlucky Drop,Unknown,LCI,82,1
Waterwind Scout,Unknown,LCI,84,2
Waylaying Pirates,Unknown,LCI,85,1
Another Chance,Unknown,LCI,90,1
Bitter Triumph,Unknown,LCI,91,1
Bloodthorn Flail,Unknown,LCI,93,1
Canonized in Blood,Unknown,LCI,96,1
Corpses of the Lost,Unknown,LCI,98,1
Dead Weight,Unknown,LCI,99,1
A-Geological Appraiser,Unknown,LCI,A-150e,2
Banish from Edoras,Unknown,LTR,1,1
"Sauron, the Necromancer",Unknown,LTR,106,1
Shadow of the Enemy,Unknown,LTR,107,1
Errand-Rider of Gondor,Unknown,LTR,11,1
Battle-Scarred Goblin,Unknown,LTR,115,1
Book of Mazarbul,Unknown,LTR,116,1
Escape from Orthanc,Unknown,LTR,12,1
Erebor Flamesmith,Unknown,LTR,122,2
"Faramir, Field Commander",Unknown,LTR,14,1
Quarrel's End,Unknown,LTR,141,1
Bag End Porter,Unknown,LTR,153,1
Bombadil's Song,Unknown,LTR,154,1
Brandywine Farmer,Unknown,LTR,155,1
Celeborn the Wise,Unknown,LTR,156,2
Chance-Met Elves,Unknown,LTR,157,3
Fog on the Barrow-Downs,Unknown,LTR,16,2
Elven Farsight,Unknown,LTR,161,3
Galadhrim Bow,Unknown,LTR,167,1
Galadhrim Guide,Unknown,LTR,168,2
Generous Ent,Unknown,LTR,169,1
"Glorfindel, Dauntless Rescuer",Unknown,LTR,171,1
Lothlórien Lookout,Unknown,LTR,175,2
Meriadoc Brandybuck,Unknown,LTR,177,1
Mirrormere Guardian,Unknown,LTR,179,1
"Frodo, Sauron's Bane",Unknown,LTR,18,1
Mushroom Watchdogs,Unknown,LTR,180,1
Peregrin Took,Unknown,LTR,181,1
Radagast the Brown,Unknown,LTR,184,1
Shortcut to Mushrooms,Unknown,LTR,187,1
Stew the Coneys,Unknown,LTR,189,1
Arwen Undómiel,Unknown,LTR,194,2
"The Balrog, Durin's Bane",Unknown,LTR,195,1
"Denethor, Ruling Steward",Unknown,LTR,198,1
The Battle of Bywater,Unknown,LTR,2,1
Hobbit's Sting,Unknown,LTR,20,1
"Elrond, Master of Healing",Unknown,LTR,200,1
Flame of Anor,Unknown,LTR,203,1
Gandalf the Grey,Unknown,LTR,207,1
"Landroval, Horizon Witness",Unknown,LTR,21,1
"Legolas, Counter of Kills",Unknown,LTR,212,1
Lost to Legend,Unknown,LTR,22,1
Shadow Summoning,Unknown,LTR,226,1
Nimble Hobbit,Unknown,LTR,23,1
"Now for Wrath, Now for Ruin!",Unknown,LTR,24,1
Lembas,Unknown,LTR,243,1
Mirror of Galadriel,Unknown,LTR,244,1
Protector of Gondor,Unknown,LTR,25,1
Great Hall of the Citadel,Unknown,LTR,254,1
Reprieve,Unknown,LTR,26,1
The Shire,Unknown,LTR,260,1
Plains,Unknown,LTR,262,1
Plains,Unknown,LTR,263,1
Island,Unknown,LTR,264,1
Island,Unknown,LTR,265,1
Swamp,Unknown,LTR,266,1
Swamp,Unknown,LTR,267,1
Mountain,Unknown,LTR,268,1
Mountain,Unknown,LTR,269,1
Rosie Cotton of South Lane,Unknown,LTR,27,1
Forest,Unknown,LTR,270,1
Forest,Unknown,LTR,271,1
Samwise the Stouthearted,Unknown,LTR,28,1
Second Breakfast,Unknown,LTR,29,1
"Gandalf, White Rider",Unknown,LTR,290,1
Bill the Pony,Unknown,LTR,3,1
Slip On the Ring,Unknown,LTR,31,1
Soldier of the Grey Host,Unknown,LTR,32,1
Took Reaper,Unknown,LTR,35,1
War of the Last Alliance,Unknown,LTR,36,1
Westfold Rider,Unknown,LTR,37,1
You Cannot Pass!,Unknown,LTR,38,1
Deceive the Messenger,Unknown,LTR,47,1
Grey Havens Navigator,Unknown,LTR,53,3
Ioreth of the Healing House,Unknown,LTR,56,1
Lost Isle Calling,Unknown,LTR,61,1
Nimrodel Watcher,Unknown,LTR,63,3
Pelargir Survivor,Unknown,LTR,64,1
Eagles of the North,Unknown,LTR,7,2
Bitter Downfall,Unknown,LTR,77,1
The Black Breath,Unknown,LTR,78,1
Eastfarthing Farmer,Unknown,LTR,8,1
Cirith Ungol Patrol,Unknown,LTR,80,1
Dunland Crebain,Unknown,LTR,82,1
Lash of the Balrog,Unknown,LTR,92,1
Mirkwood Bats,Unknown,LTR,95,1
Morgul-Knife Wound,Unknown,LTR,98,1
Evolving Wilds,Unknown,M20,246,4
Take Vengeance,Unknown,M20,313,2
Bloodfell Caves,Unknown,M21,243,4
Blossoming Sands,Unknown,M21,244,4
Dismal Backwater,Unknown,M21,245,4
Jungle Hollow,Unknown,M21,247,4
Rugged Highlands,Unknown,M21,249,4
Scoured Barrens,Unknown,M21,250,4
Swiftwater Cliffs,Unknown,M21,251,4
Thornwood Falls,Unknown,M21,257,4
Tranquil Cove,Unknown,M21,258,4
Wind-Scarred Crag,Unknown,M21,259,4
Death-Rattle Oni,Unknown,MAT,13,1
Markov Baron,Unknown,MAT,14,1
Kolaghan Warmonger,Unknown,MAT,17,2
Animist's Might,Unknown,MAT,20,1
"Nissa, Resurgent Animist",Unknown,MAT,22,1
Campus Renovation,Unknown,MAT,27,1
Cosmic Rebirth,Unknown,MAT,28,2
Feast of the Victorious Dead,Unknown,MAT,30,1
"Nahiri, Forged in Fury",Unknown,MAT,36,1
"Samut, Vizier of Naktamun",Unknown,MAT,45,1
"Sigarda, Font of Blessings",Unknown,MAT,47,1
"Tazri, Stalwart Survivor",Unknown,MAT,6,1
Tolarian Contempt,Unknown,MAT,8,1
Timeless Dragon,Unknown,MH2,35,1
Fanged Flames,Unknown,MH3,118,1
Galvanic Discharge,Unknown,MH3,122,1
Molten Gatekeeper,Unknown,MH3,128,2
Powerbalance,Unknown,MH3,131,1
Thriving Skyclaw,Unknown,MH3,141,1
Colossal Dreadmask,Unknown,MH3,148,1
"Ulamog, the Defiler",Unknown,MH3,15,1
The Hunger Tide Rises,Unknown,MH3,158,1
Propagator Drone,Unknown,MH3,167,1
Emissary of Soulfire,Unknown,MH3,183,1
Bountiful Landscape,Unknown,MH3,217,1
Deceptive Landscape,Unknown,MH3,219,1
Foreboding Landscape,Unknown,MH3,221,1
Snow-Covered Wastes,Unknown,MH3,229,1
Tranquil Landscape,Unknown,MH3,231,1
"Ajani, Nacatl Pariah // Ajani, Nacatl Avenger",Unknown,MH3,237,1
Buried Alive,Unknown,MH3,273,1
Branching Evolution,Unknown,MH3,285,1
Priest of Titania,Unknown,MH3,286,1
Plains,Unknown,MH3,310,1
Plains,Unknown,MH3,311,1
Island,Unknown,MH3,312,1
Island,Unknown,MH3,313,1
Swamp,Unknown,MH3,314,1
Swamp,Unknown,MH3,315,1
Mountain,Unknown,MH3,316,1
Mountain,Unknown,MH3,317,1
Forest,Unknown,MH3,318,1
Forest,Unknown,MH3,319,1
Voltstorm Angel,Unknown,MH3,46,1
Petrifying Meddler,Unknown,MH3,66,1
Roil Cartographer,Unknown,MH3,67,1
Kami of Jealous Thirst,Unknown,MH3,98,1
A-Galvanic Discharge,Unknown,MH3,A-122,1
Burn the Accursed,Unknown,MID,132,2
Lambholt Harrier,Unknown,MID,145,3
Mounted Dreadknight,Unknown,MID,150,3
Play with Fire,Unknown,MID,154,4
Voldaren Stinger,Unknown,MID,167,2
Timberland Guide,Unknown,MID,202,4
Plains,Unknown,MID,380,1
Forest,Unknown,MID,384,1
Fading Hope,Unknown,MID,51,2
Stormrider Spirit,Unknown,MID,79,2
Rot Farm Mortipede,Unknown,MKM,102,1
Slice from the Shadows,Unknown,MKM,103,2
Slimy Dualleech,Unknown,MKM,104,1
Snarling Gorehound,Unknown,MKM,105,2
Toxin Analysis,Unknown,MKM,107,3
Unscrupulous Agent,Unknown,MKM,109,2
Defenestrated Phantom,Unknown,MKM,11,2
Bolrac-Clan Basher,Unknown,MKM,112,1
Case of the Crimson Pulse,Unknown,MKM,114,1
The Chase Is On,Unknown,MKM,116,4
Connecting the Dots,Unknown,MKM,118,1
"Delney, Streetwise Lookout",Unknown,MKM,12,1
Crime Novelist,Unknown,MKM,121,1
Demand Answers,Unknown,MKM,122,3
Expedited Inheritance,Unknown,MKM,123,1
Felonious Rage,Unknown,MKM,125,4
Frantic Scapegoat,Unknown,MKM,126,1
Fugitive Codebreaker,Unknown,MKM,127,4
Galvanize,Unknown,MKM,128,3
Gearbane Orangutan,Unknown,MKM,129,1
Harried Dronesmith,Unknown,MKM,131,1
Innocent Bystander,Unknown,MKM,133,2
"Krenko, Baron of Tin Street",Unknown,MKM,135,1
Lamplight Phoenix,Unknown,MKM,137,1
Person of Interest,Unknown,MKM,139,1
Reckless Detective,Unknown,MKM,141,1
Red Herring,Unknown,MKM,142,2
Shock,Unknown,MKM,144,2
Suspicious Detonation,Unknown,MKM,145,2
Torch the Witness,Unknown,MKM,146,1
Archdruid's Charm,Unknown,MKM,151,1
Bite Down on Crime,Unknown,MKM,154,1
Case of the Locked Hothouse,Unknown,MKM,155,1
Case of the Trampled Garden,Unknown,MKM,156,1
Fanatical Strength,Unknown,MKM,159,2
Forum Familiar,Unknown,MKM,16,1
Glint Weaver,Unknown,MKM,162,2
Hedge Whisperer,Unknown,MKM,165,2
Loxodon Eavesdropper,Unknown,MKM,168,1
Griffnaut Tracker,Unknown,MKM,17,2
Pick Your Poison,Unknown,MKM,170,1
Rubblebelt Maverick,Unknown,MKM,174,2
They Went This Way,Unknown,MKM,178,2
Topiary Panther,Unknown,MKM,179,1
Haazda Vigilante,Unknown,MKM,18,2
Tunnel Tipster,Unknown,MKM,180,1
Undergrowth Recon,Unknown,MKM,181,1
"Alquist Proft, Master Sleuth",Unknown,MKM,185,1
Assassin's Trophy,Unknown,MKM,187,1
"Aurelia, the Law Above",Unknown,MKM,188,1
Detective's Satchel,Unknown,MKM,196,1
Dog Walker,Unknown,MKM,197,1
Drag the Canal,Unknown,MKM,199,1
"Etrata, Deadly Fugitive",Unknown,MKM,200,1
"Ezrim, Agency Chief",Unknown,MKM,202,1
Faerie Snoop,Unknown,MKM,203,1
Gadget Technician,Unknown,MKM,204,2
Gleaming Geardrake,Unknown,MKM,205,2
Granite Witness,Unknown,MKM,206,2
Ill-Timed Explosion,Unknown,MKM,207,2
Insidious Roots,Unknown,MKM,208,1
Leyline of the Guildpact,Unknown,MKM,217,1
Lightning Helix,Unknown,MKM,218,1
Meddling Youths,Unknown,MKM,219,1
Make Your Move,Unknown,MKM,22,2
"Niv-Mizzet, Guildpact",Unknown,MKM,220,1
No More Lies,Unknown,MKM,221,2
Officious Interrogation,Unknown,MKM,222,1
Private Eye,Unknown,MKM,223,2
Repulsive Mutation,Unknown,MKM,227,1
Riftburst Hellion,Unknown,MKM,228,1
Rune-Brand Juggler,Unknown,MKM,229,1
Makeshift Binding,Unknown,MKM,23,2
Sanguine Savior,Unknown,MKM,230,2
Shady Informant,Unknown,MKM,231,1
Undercover Crocodelf,Unknown,MKM,239,1
Marketwatch Phantom,Unknown,MKM,24,3
Warleader's Call,Unknown,MKM,242,3
Wispdrinker Vampire,Unknown,MKM,243,2
Worldsoul's Rage,Unknown,MKM,244,1
Museum Nightwatch,Unknown,MKM,25,4
Push // Pull,Unknown,MKM,250,1
Cryptex,Unknown,MKM,251,1
Magnifying Glass,Unknown,MKM,255,2
Sanitation Automaton,Unknown,MKM,256,1
Thinking Cap,Unknown,MKM,257,2
Branch of Vitu-Ghazi,Unknown,MKM,258,1
Commercial District,Unknown,MKM,259,1
Neighborhood Guardian,Unknown,MKM,26,2
Escape Tunnel,Unknown,MKM,261,1
Hedge Maze,Unknown,MKM,262,1
Lush Portico,Unknown,MKM,263,1
Meticulous Archive,Unknown,MKM,264,1
Raucous Theater,Unknown,MKM,266,1
Scene of the Crime,Unknown,MKM,267,1
Shadowy Backstreet,Unknown,MKM,268,1
No Witnesses,Unknown,MKM,27,1
Undercity Sewers,Unknown,MKM,270,1
Underground Mortuary,Unknown,MKM,271,1
Plains,Unknown,MKM,277,1
Plains,Unknown,MKM,278,1
Island,Unknown,MKM,279,1
Not on My Watch,Unknown,MKM,28,1
Island,Unknown,MKM,280,1
Swamp,Unknown,MKM,281,1
Swamp,Unknown,MKM,282,1
Mountain,Unknown,MKM,283,1
Mountain,Unknown,MKM,284,1
Forest,Unknown,MKM,285,1
Forest,Unknown,MKM,286,1
Novice Inspector,Unknown,MKM,29,4
Assemble the Players,Unknown,MKM,3,1
On the Job,Unknown,MKM,30,2
Perimeter Enforcer,Unknown,MKM,31,2
Seasoned Consultant,Unknown,MKM,33,2
Unyielding Gatekeeper,Unknown,MKM,35,1
Wojek Investigator,Unknown,MKM,36,1
Wrench,Unknown,MKM,37,1
Agency Outfitter,Unknown,MKM,38,2
Behind the Mask,Unknown,MKM,39,2
Benthic Criminologists,Unknown,MKM,40,4
Bubble Smuggler,Unknown,MKM,41,1
"Melek, Reforged Researcher",Unknown,MKM,430,1
Case of the Filched Falcon,Unknown,MKM,44,2
Cold Case Cracker,Unknown,MKM,46,2
Crimestopper Sprite,Unknown,MKM,49,1
Auspicious Arrival,Unknown,MKM,5,2
Deduce,Unknown,MKM,52,2
Dramatic Accusation,Unknown,MKM,53,2
Eliminate the Impossible,Unknown,MKM,54,1
Forensic Gadgeteer,Unknown,MKM,57,1
Furtive Courier,Unknown,MKM,59,3
Hotshot Investigators,Unknown,MKM,60,2
Jaded Analyst,Unknown,MKM,62,3
Proft's Eidetic Memory,Unknown,MKM,67,1
Projektor Inspector,Unknown,MKM,68,2
Reasonable Doubt,Unknown,MKM,69,1
Case File Auditor,Unknown,MKM,7,1
Steamcore Scholar,Unknown,MKM,71,2
Unauthorized Exit,Unknown,MKM,74,2
Case of the Gorgon's Kiss,Unknown,MKM,79,1
Case of the Gateway Express,Unknown,MKM,8,4
Cerebral Confiscation,Unknown,MKM,81,2
Deadly Cover-Up,Unknown,MKM,83,1
Festerleech,Unknown,MKM,85,1
Homicide Investigator,Unknown,MKM,86,1
Hunted Bonebrute,Unknown,MKM,87,1
Lead Pipe,Unknown,MKM,90,1
Leering Onlooker,Unknown,MKM,91,1
Long Goodbye,Unknown,MKM,92,1
Macabre Reconstruction,Unknown,MKM,93,1
"Massacre Girl, Known Killer",Unknown,MKM,94,1
Murder,Unknown,MKM,95,2
Outrageous Robbery,Unknown,MKM,97,1
Cut Short,Unknown,MOM,10,2
Etched Familiar,Unknown,MOM,101,3
Failed Conversion,Unknown,MOM,103,1
Final Flourish,Unknown,MOM,104,3
Grafted Butcher,Unknown,MOM,109,2
Dusk Legion Duelist,Unknown,MOM,11,1
Ichor Drinker,Unknown,MOM,111,2
Invasion of Innistrad // Deluge of the Dead,Unknown,MOM,115,1
Nezumi Informant,Unknown,MOM,120,1
Phyrexian Gargantua,Unknown,MOM,121,2
Pile On,Unknown,MOM,122,1
Traumatic Revelation,Unknown,MOM,127,1
Unseal the Necropolis,Unknown,MOM,128,2
Vanquish the Weak,Unknown,MOM,129,3
Elspeth's Smite,Unknown,MOM,13,2
Burning Sun's Fury,Unknown,MOM,133,1
Fearless Skald,Unknown,MOM,138,1
Enduring Bondwarden,Unknown,MOM,14,2
Hangar Scrounger,Unknown,MOM,142,1
Golden-Scale Aeronaut,Unknown,MOM,15,1
Mirran Banesplitter,Unknown,MOM,154,4
Ral's Reinforcements,Unknown,MOM,158,3
Rampaging Raptor,Unknown,MOM,160,1
Searing Barb,Unknown,MOM,163,1
Shivan Branch-Burner,Unknown,MOM,165,2
Urabrask // The Great Work,Unknown,MOM,169,1
Volcanic Spite,Unknown,MOM,170,3
Bonded Herdbeast // Plated Kilnbeast,Unknown,MOM,178,1
Infected Defector,Unknown,MOM,18,3
Cosmic Hunger,Unknown,MOM,182,3
Fertilid's Favor,Unknown,MOM,186,2
Iridescent Blademaster,Unknown,MOM,195,1
Kami of Whispered Hopes,Unknown,MOM,196,2
Overgrown Pest,Unknown,MOM,197,1
"Ozolith, the Shattered Spire",Unknown,MOM,198,1
Placid Rottentail,Unknown,MOM,199,1
Ravenous Sailback,Unknown,MOM,202,2
Storm the Seedcore,Unknown,MOM,206,2
Invasion of Dominaria // Serra Faithkeeper,Unknown,MOM,21,1
Tribute to the World Tree,Unknown,MOM,211,1
Wary Thespian,Unknown,MOM,215,3
Baral and Kari Zev,Unknown,MOM,218,1
Botanical Brawler,Unknown,MOM,220,2
Hidetsugu and Kairi,Unknown,MOM,228,1
Invasion of Alara // Awaken the Maelstrom,Unknown,MOM,230,1
Invasion of Ergamon // Truga Cliffcharger,Unknown,MOM,233,2
Invasion of Kylem // Valor's Reach Tag Team,Unknown,MOM,235,1
Invasion of Xerex // Vertex Paladin,Unknown,MOM,242,2
Joyful Stormsculptor,Unknown,MOM,243,1
Kogla and Yidaro,Unknown,MOM,244,1
Knight of the New Coalition,Unknown,MOM,25,1
Rankle and Torbran,Unknown,MOM,252,1
Sculpted Perfection,Unknown,MOM,253,2
Stormclaw Rager,Unknown,MOM,254,2
Zimone and Dina,Unknown,MOM,257,1
Flywheel Racer,Unknown,MOM,259,2
Knight-Errant of Eos,Unknown,MOM,26,4
Bloodfell Caves,Unknown,MOM,267,4
Blossoming Sands,Unknown,MOM,268,4
Dismal Backwater,Unknown,MOM,269,4
Kor Halberd,Unknown,MOM,27,1
Jungle Hollow,Unknown,MOM,270,4
Rugged Highlands,Unknown,MOM,271,4
Swiftwater Cliffs,Unknown,MOM,273,4
Thornwood Falls,Unknown,MOM,274,4
Tranquil Cove,Unknown,MOM,275,4
Wind-Scarred Crag,Unknown,MOM,276,4
Plains,Unknown,MOM,277,1
Island,Unknown,MOM,278,1
Swamp,Unknown,MOM,279,1
Mountain,Unknown,MOM,280,1
Forest,Unknown,MOM,281,1
Norn's Inquisitor,Unknown,MOM,29,2
Alabaster Host Intercessor,Unknown,MOM,3,3
Phyrexian Awakening,Unknown,MOM,30,2
Progenitor Exarch,Unknown,MOM,32,1
Essence of Orthodoxy,Unknown,MOM,323,1
Seedpod Caretaker,Unknown,MOM,325,2
Terror of Towashi,Unknown,MOM,331,1
Fairgrounds Trumpeter,Unknown,MOM,335,3
Ruins Recluse,Unknown,MOM,336,2
Surrak and Goreclaw,Unknown,MOM,337,1
Seal from Existence,Unknown,MOM,35,2
Angelic Intervention,Unknown,MOM,5,1
Chrome Host Seedshark,Unknown,MOM,51,1
Eyes of Gitaxias,Unknown,MOM,57,3
Furtive Analyst,Unknown,MOM,59,1
Halo-Charged Skaab,Unknown,MOM,60,3
Meeting of Minds,Unknown,MOM,66,3
Oculus Whelp,Unknown,MOM,69,1
Order of the Mirror // Order of the Alabaster Host,Unknown,MOM,72,1
Transcendent Message,Unknown,MOM,83,1
Xerex Strobe-Knight,Unknown,MOM,85,1
Zephyr Singer,Unknown,MOM,86,1
Bloated Processor,Unknown,MOM,93,1
Breach the Multiverse,Unknown,MOM,94,1
Collective Nightmare,Unknown,MOM,95,1
Corrupted Conviction,Unknown,MOM,98,2
Deadly Derision,Unknown,MOM,99,3
"Grimgrin, Corpse-Born",Unknown,MUL,106,1
"Radha, Coalition Warlord",Unknown,MUL,120,1
"Reyav, Master Smith",Unknown,MUL,122,1
"Rona, Sheoldred's Faithful",Unknown,MUL,123,2
"Daxos, Blessed by the Sun",Unknown,MUL,67,1
"Kenrith, the Returned King",Unknown,MUL,69,1
"Tetsuko Umezawa, Fugitive",Unknown,MUL,77,1
"Arixmethes, Slumbering Isle",Unknown,MUL,97,1
"A-Radha, Coalition Warlord",Unknown,MUL,A-120,1
Kumano Faces Kakkazan // Etching of Kumano,Unknown,NEO,152,4
Thundering Raiju,Unknown,NEO,166,1
Brute Suit,Unknown,NEO,241,2
Blossoming Sands,Unknown,NEO,265,2
Rugged Highlands,Unknown,NEO,273,4
Scoured Barrens,Unknown,NEO,274,4
"Sokenzan, Crucible of Defiance",Unknown,NEO,276,1
Swiftwater Cliffs,Unknown,NEO,277,2
Tranquil Cove,Unknown,NEO,280,4
Plains,Unknown,NEO,283,1
Island,Unknown,NEO,285,1
Mountain,Unknown,NEO,289,1
Forest,Unknown,NEO,291,1
Seven-Tail Mentor,Unknown,NEO,36,3
"Spider-Rex, Daring Dino",Unknown,OM1,100,1
Guy in the Chair,Unknown,OM1,104,1
Scout the City,Unknown,OM1,114,1
Damage Control Crew,Unknown,OM1,115,1
Terrific Team-Up,Unknown,OM1,119,1
"Scarlet Spider, Ben Reilly",Unknown,OM1,126,1
Origin of Spider-Man,Unknown,OM1,14,1
Spider Manifestation,Unknown,OM1,144,1
Skyward Spider,Unknown,OM1,159,1
Daily Bugle Reporters,Unknown,OM1,16,1
Mechanical Mobster,Unknown,OM1,163,1
Eerie Gravestone,Unknown,OM1,164,1
Web-Shooters,Unknown,OM1,2,1
Aunt May,Unknown,OM1,24,1
Amazing Acrobatics,Unknown,OM1,29,1
"Doc Ock, Sinister Scientist",Unknown,OM1,38,1
Secret Identity,Unknown,OM1,42,1
Unstable Experiment,Unknown,OM1,45,1
Venom's Hunger,Unknown,OM1,54,1
Selfless Police Captain,Unknown,OM1,8,1
Angry Rabble,Unknown,OM1,81,1
"Molten Man, Inferno Incarnate",Unknown,OM1,82,1
Shadow of the Goblin,Unknown,OM1,90,1
Offer Immortality,Unknown,ONE,102,1
Phyrexian Arena,Unknown,ONE,104,1
Ravenous Necrotitan,Unknown,ONE,106,2
Scheming Aspirant,Unknown,ONE,107,2
Stinging Hivemaster,Unknown,ONE,110,1
Testament Bearer,Unknown,ONE,111,3
"Vraan, Executioner Thane",Unknown,ONE,114,1
Flensing Raptor,Unknown,ONE,12,1
Barbed Batterfist,Unknown,ONE,121,3
Bladegraft Aspirant,Unknown,ONE,122,3
Blazing Crescendo,Unknown,ONE,123,2
Cacophony Scamp,Unknown,ONE,124,4
Dragonwing Glider,Unknown,ONE,128,1
Furnace Strider,Unknown,ONE,133,2
Gleeful Demolition,Unknown,ONE,134,4
Hexgold Halberd,Unknown,ONE,136,2
Hexgold Slash,Unknown,ONE,137,1
Hexgold Hoverwings,Unknown,ONE,14,2
Molten Rebuke,Unknown,ONE,141,1
Rebel Salvo,Unknown,ONE,144,2
"Solphim, Mayhem Dominus",Unknown,ONE,150,1
Urabrask's Forge,Unknown,ONE,153,1
Vulshok Splitter,Unknown,ONE,156,3
Adaptive Sporesinger,Unknown,ONE,157,1
Branchblight Stalker,Unknown,ONE,160,1
Conduit of Worlds,Unknown,ONE,163,1
Evolved Spinoderm,Unknown,ONE,166,1
Evolving Adaptive,Unknown,ONE,167,3
Ichorspit Basilisk,Unknown,ONE,170,1
Lattice-Blade Mantis,Unknown,ONE,173,1
Oil-Gorger Troll,Unknown,ONE,177,1
Plague Nurse,Unknown,ONE,179,1
Rustvine Cultivator,Unknown,ONE,181,1
Sylvok Battle-Chair,Unknown,ONE,184,1
"Kemba, Kha Enduring",Unknown,ONE,19,1
Venerated Rotpriest,Unknown,ONE,192,1
Viral Spawning,Unknown,ONE,194,2
Bladehold War-Whip,Unknown,ONE,197,2
Cephalopod Sentry,Unknown,ONE,198,1
Charforger,Unknown,ONE,199,2
"Ezuri, Stalker of Spheres",Unknown,ONE,201,1
Glissa Sunslayer,Unknown,ONE,202,1
"Jor Kadeen, First Goldwarden",Unknown,ONE,203,1
"Kethek, Crucible Goliath",Unknown,ONE,206,1
"Melira, the Living Cure",Unknown,ONE,209,1
Mandible Justiciar,Unknown,ONE,21,2
"Migloz, Maze Crusher",Unknown,ONE,210,1
Slaughter Singer,Unknown,ONE,216,1
"Tyvar, Jubilant Brawler",Unknown,ONE,218,1
Dross Skullbomb,Unknown,ONE,225,1
Maze Skullbomb,Unknown,ONE,231,1
Myr Custodian,Unknown,ONE,235,1
Phyrexian Atlas,Unknown,ONE,237,1
Prophetic Prism,Unknown,ONE,238,2
Ribskiff,Unknown,ONE,240,1
Tablet of Compleation,Unknown,ONE,245,1
The Autonomous Furnace,Unknown,ONE,247,1
Blackcleave Cliffs,Unknown,ONE,248,2
Copperline Gorge,Unknown,ONE,249,1
Darkslick Shores,Unknown,ONE,250,1
The Hunter Maze,Unknown,ONE,253,1
Razorverge Thicket,Unknown,ONE,257,1
Ossification,Unknown,ONE,26,2
Terramorphic Expanse,Unknown,ONE,261,1
Plains,Unknown,ONE,272,1
Island,Unknown,ONE,273,1
Swamp,Unknown,ONE,274,1
Mountain,Unknown,ONE,275,1
Forest,Unknown,ONE,276,1
Planar Disruption,Unknown,ONE,28,3
Apostle of Invasion,Unknown,ONE,3,2
Zealot's Conviction,Unknown,ONE,39,1
Basilica Shepherd,Unknown,ONE,4,1
"Rhuk, Hexgold Nabber",Unknown,ONE,407,1
Experimental Augury,Unknown,ONE,49,1
Ichor Synthesizer,Unknown,ONE,55,2
Meldweb Curator,Unknown,ONE,59,2
Charge of the Mites,Unknown,ONE,6,1
Mercurial Spelldancer,Unknown,ONE,61,1
Reject Imperfection,Unknown,ONE,67,1
Tamiyo's Logbook,Unknown,ONE,70,1
Trawler Drake,Unknown,ONE,74,2
Annihilating Glare,Unknown,ONE,80,1
Archfiend of the Dross,Unknown,ONE,82,1
Bilious Skulldweller,Unknown,ONE,83,1
Black Sun's Twilight,Unknown,ONE,84,1
Cutthroat Centurion,Unknown,ONE,89,1
Gulping Scraptrap,Unknown,ONE,96,2
Infectious Inquiry,Unknown,ONE,97,1
Eriette's Lullaby,Unknown,OTJ,10,2
Rattleback Apothecary,Unknown,OTJ,100,1
Raven of Fell Omens,Unknown,OTJ,101,4
Rictus Robber,Unknown,OTJ,102,1
Rooftop Assassin,Unknown,OTJ,103,1
Servant of the Stinger,Unknown,OTJ,105,1
Shoot the Sheriff,Unknown,OTJ,106,2
Skulduggery,Unknown,OTJ,107,4
"Tinybones, the Pickpocket",Unknown,OTJ,109,1
Unfortunate Accident,Unknown,OTJ,111,2
Unscrupulous Contractor,Unknown,OTJ,112,1
"Vadmir, New Blood",Unknown,OTJ,113,1
Vault Plunderer,Unknown,OTJ,114,2
Brimstone Roundup,Unknown,OTJ,115,1
Cunning Coyote,Unknown,OTJ,118,1
Deadeye Duelist,Unknown,OTJ,119,3
"Fortune, Loyal Steed",Unknown,OTJ,12,1
Demonic Ruckus,Unknown,OTJ,120,4
Discerning Peddler,Unknown,OTJ,121,3
Explosive Derailment,Unknown,OTJ,122,4
Ferocification,Unknown,OTJ,123,1
Gila Courser,Unknown,OTJ,124,3
Great Train Heist,Unknown,OTJ,125,2
Hell to Pay,Unknown,OTJ,126,1
Hellspur Brute,Unknown,OTJ,127,1
Hellspur Posse Boss,Unknown,OTJ,128,1
Highway Robbery,Unknown,OTJ,129,4
Frontier Seeker,Unknown,OTJ,13,1
Irascible Wolverine,Unknown,OTJ,130,4
Iron-Fist Pulverizer,Unknown,OTJ,131,4
Longhorn Sharpshooter,Unknown,OTJ,132,2
"Magda, the Hoardmaster",Unknown,OTJ,133,1
Magebane Lizard,Unknown,OTJ,134,1
Mine Raider,Unknown,OTJ,135,3
Outlaws' Fury,Unknown,OTJ,136,3
Prickly Pair,Unknown,OTJ,137,2
Quick Draw,Unknown,OTJ,138,2
Quilled Charger,Unknown,OTJ,139,4
Getaway Glamer,Unknown,OTJ,14,3
Reckless Lackey,Unknown,OTJ,140,4
Resilient Roadrunner,Unknown,OTJ,141,3
Return the Favor,Unknown,OTJ,142,3
Rodeo Pyromancers,Unknown,OTJ,143,4
Scalestorm Summoner,Unknown,OTJ,144,2
Scorching Shot,Unknown,OTJ,145,1
Slickshot Show-Off,Unknown,OTJ,146,4
Take for a Ride,Unknown,OTJ,148,1
Thunder Salvo,Unknown,OTJ,150,4
Trick Shot,Unknown,OTJ,151,4
Aloe Alchemist,Unknown,OTJ,152,2
Ankle Biter,Unknown,OTJ,153,2
Beastbond Outcaster,Unknown,OTJ,154,1
Bristlepack Sentry,Unknown,OTJ,156,4
"Bristly Bill, Spine Sower",Unknown,OTJ,157,1
Cactarantula,Unknown,OTJ,158,2
Colossal Rattlewurm,Unknown,OTJ,159,1
Holy Cow,Unknown,OTJ,16,3
Dance of the Tumbleweeds,Unknown,OTJ,160,2
Drover Grizzly,Unknown,OTJ,161,4
Freestrider Commando,Unknown,OTJ,162,2
Full Steam Ahead,Unknown,OTJ,164,2
Giant Beaver,Unknown,OTJ,165,2
Gold Rush,Unknown,OTJ,166,1
Goldvein Hydra,Unknown,OTJ,167,1
Hardbristle Bandit,Unknown,OTJ,168,4
Intrepid Stablemaster,Unknown,OTJ,169,2
Inventive Wingsmith,Unknown,OTJ,17,4
Map the Frontier,Unknown,OTJ,170,2
Ornery Tumblewagg,Unknown,OTJ,171,1
Outcaster Greenblade,Unknown,OTJ,172,4
Outcaster Trailblazer,Unknown,OTJ,173,1
Patient Naturalist,Unknown,OTJ,174,2
Railway Brawler,Unknown,OTJ,175,1
Rambling Possum,Unknown,OTJ,176,2
Reach for the Sky,Unknown,OTJ,178,2
Rise of the Varmints,Unknown,OTJ,179,4
Lassoed by the Law,Unknown,OTJ,18,1
Smuggler's Surprise,Unknown,OTJ,180,3
Snakeskin Veil,Unknown,OTJ,181,3
Spinewoods Paladin,Unknown,OTJ,183,2
Stubborn Burrowfiend,Unknown,OTJ,184,3
Throw from the Saddle,Unknown,OTJ,185,4
Trash the Town,Unknown,OTJ,186,1
Tumbleweed Rising,Unknown,OTJ,187,4
Voracious Varmint,Unknown,OTJ,188,3
Mystical Tether,Unknown,OTJ,19,2
"Annie Flash, the Veteran",Unknown,OTJ,190,1
Annie Joins Up,Unknown,OTJ,191,2
Assimilation Aegis,Unknown,OTJ,192,2
At Knifepoint,Unknown,OTJ,193,3
Baron Bertram Graywater,Unknown,OTJ,195,1
"Bonny Pall, Clearcutter",Unknown,OTJ,196,1
"Breeches, the Blastmaker",Unknown,OTJ,197,2
"Bruse Tarl, Roving Rancher",Unknown,OTJ,198,1
Cactusfolk Sureshot,Unknown,OTJ,199,3
Archangel of Tithes,Unknown,OTJ,2,1
Nurturing Pixie,Unknown,OTJ,20,4
Congregation Gryff,Unknown,OTJ,200,2
"Doc Aurlock, Grizzled Genius",Unknown,OTJ,201,1
"Eriette, the Beguiler",Unknown,OTJ,202,3
"Ertha Jo, Frontier Mentor",Unknown,OTJ,203,1
Honest Rutstein,Unknown,OTJ,207,2
"Jem Lightfoote, Sky Explorer",Unknown,OTJ,209,4
Omenport Vigilante,Unknown,OTJ,21,2
"Jolene, Plundering Pugilist",Unknown,OTJ,210,3
"Kraum, Violent Cacophony",Unknown,OTJ,214,2
Laughing Jasper Flint,Unknown,OTJ,215,2
"Lilah, Undefeated Slickshot",Unknown,OTJ,217,1
"Malcolm, the Eyes",Unknown,OTJ,219,2
One Last Job,Unknown,OTJ,22,2
"Marchesa, Dealer of Death",Unknown,OTJ,220,1
"Obeka, Splitter of Seconds",Unknown,OTJ,222,2
Pillage the Bog,Unknown,OTJ,224,3
Rakdos Joins Up,Unknown,OTJ,225,1
"Rakdos, the Muscle",Unknown,OTJ,226,1
Riku of Many Paths,Unknown,OTJ,227,1
"Roxanne, Starfall Savant",Unknown,OTJ,228,1
Outlaw Medic,Unknown,OTJ,23,4
"Satoru, the Infiltrator",Unknown,OTJ,230,2
Seraphic Steed,Unknown,OTJ,232,1
Slick Sequence,Unknown,OTJ,233,2
"Vial Smasher, Gleeful Grenadier",Unknown,OTJ,235,1
Vraska Joins Up,Unknown,OTJ,236,2
"Vraska, the Silencer",Unknown,OTJ,237,2
"Wylie Duke, Atiin Hero",Unknown,OTJ,239,1
Prairie Dog,Unknown,OTJ,24,2
Bandit's Haul,Unknown,OTJ,240,1
Boom Box,Unknown,OTJ,241,2
Gold Pan,Unknown,OTJ,242,2
Lavaspur Boots,Unknown,OTJ,243,4
Luxurious Locomotive,Unknown,OTJ,244,3
Mobile Homestead,Unknown,OTJ,245,1
Oasis Gardener,Unknown,OTJ,246,3
Redrock Sentinel,Unknown,OTJ,247,2
Sterling Hound,Unknown,OTJ,249,4
Prosperity Tycoon,Unknown,OTJ,25,2
Tomb Trawler,Unknown,OTJ,250,1
Abraded Bluffs,Unknown,OTJ,251,4
Arid Archway,Unknown,OTJ,252,2
Bristling Backwoods,Unknown,OTJ,253,4
Conduit Pylons,Unknown,OTJ,254,4
Creosote Heath,Unknown,OTJ,255,4
Eroded Canyon,Unknown,OTJ,256,4
Festering Gulch,Unknown,OTJ,257,3
Forlorn Flats,Unknown,OTJ,258,4
Jagged Barrens,Unknown,OTJ,259,4
Requisition Raid,Unknown,OTJ,26,1
Lonely Arroyo,Unknown,OTJ,260,4
Lush Oasis,Unknown,OTJ,261,4
Mirage Mesa,Unknown,OTJ,262,3
Sandstorm Verge,Unknown,OTJ,263,3
Soured Springs,Unknown,OTJ,264,4
Bucolic Ranch,Unknown,OTJ,265,4
Botanical Sanctum,Unknown,OTJ,267,2
Concealed Courtyard,Unknown,OTJ,268,3
Inspiring Vantage,Unknown,OTJ,269,1
Rustler Rampage,Unknown,OTJ,27,3
Spirebluff Canal,Unknown,OTJ,270,1
Plains,Unknown,OTJ,277,1
Plains,Unknown,OTJ,278,1
Island,Unknown,OTJ,279,1
Shepherd of the Clouds,Unknown,OTJ,28,4
Island,Unknown,OTJ,280,1
Swamp,Unknown,OTJ,281,1
Swamp,Unknown,OTJ,282,1
Mountain,Unknown,OTJ,283,1
Mountain,Unknown,OTJ,284,1
Forest,Unknown,OTJ,285,1
Forest,Unknown,OTJ,286,1
Armored Armadillo,Unknown,OTJ,3,4
Stagecoach Security,Unknown,OTJ,30,4
Steer Clear,Unknown,OTJ,31,3
Sterling Keykeeper,Unknown,OTJ,32,4
Sterling Supplier,Unknown,OTJ,33,2
Take Up the Shield,Unknown,OTJ,34,2
Thunder Lasso,Unknown,OTJ,35,3
Trained Arynx,Unknown,OTJ,36,4
Vengeful Townsfolk,Unknown,OTJ,37,4
Wanted Griffin,Unknown,OTJ,38,3
Archmage's Newt,Unknown,OTJ,39,1
Aven Interrupter,Unknown,OTJ,4,1
Canyon Crab,Unknown,OTJ,40,4
Deepmuck Desperado,Unknown,OTJ,42,1
Djinn of Fool's Fall,Unknown,OTJ,43,1
Double Down,Unknown,OTJ,44,1
Failed Fording,Unknown,OTJ,47,3
"Fblthp, Lost on the Range",Unknown,OTJ,48,1
Fleeting Reflection,Unknown,OTJ,49,1
Bounding Felidar,Unknown,OTJ,5,3
Geyser Drake,Unknown,OTJ,51,4
Harrier Strix,Unknown,OTJ,52,3
Jailbreak Scheme,Unknown,OTJ,53,2
The Key to the Vault,Unknown,OTJ,54,3
Loan Shark,Unknown,OTJ,55,3
Marauding Sphinx,Unknown,OTJ,56,2
Metamorphic Blast,Unknown,OTJ,57,2
Nimble Brigand,Unknown,OTJ,58,2
Bovine Intervention,Unknown,OTJ,6,1
Peerless Ropemaster,Unknown,OTJ,60,4
Phantom Interference,Unknown,OTJ,61,1
Plan the Heist,Unknown,OTJ,62,3
Razzle-Dazzler,Unknown,OTJ,63,4
Seize the Secrets,Unknown,OTJ,64,3
Shackle Slinger,Unknown,OTJ,65,2
Shifting Grift,Unknown,OTJ,66,1
Slickshot Lockpicker,Unknown,OTJ,67,4
Slickshot Vault-Buster,Unknown,OTJ,68,4
Spring Splasher,Unknown,OTJ,69,3
Step Between Worlds,Unknown,OTJ,70,1
Stoic Sphinx,Unknown,OTJ,71,4
Stop Cold,Unknown,OTJ,72,2
Take the Fall,Unknown,OTJ,73,3
This Town Ain't Big Enough,Unknown,OTJ,74,1
Three Steps Ahead,Unknown,OTJ,75,1
Visage Bandit,Unknown,OTJ,76,2
Ambush Gigapede,Unknown,OTJ,77,3
Binding Negotiation,Unknown,OTJ,78,1
Blacksnag Buzzard,Unknown,OTJ,79,1
Claim Jumper,Unknown,OTJ,8,3
Blood Hustler,Unknown,OTJ,80,2
Boneyard Desecrator,Unknown,OTJ,81,4
Caustic Bronco,Unknown,OTJ,82,2
Consuming Ashes,Unknown,OTJ,83,4
Corrupted Conviction,Unknown,OTJ,84,1
Desert's Due,Unknown,OTJ,85,4
Desperate Bloodseeker,Unknown,OTJ,86,4
Fake Your Own Death,Unknown,OTJ,87,3
Forsaken Miner,Unknown,OTJ,88,1
"Gisa, the Hellraiser",Unknown,OTJ,89,4
Dust Animus,Unknown,OTJ,9,1
Hollow Marauder,Unknown,OTJ,90,2
"Kaervek, the Punisher",Unknown,OTJ,92,1
Lively Dirge,Unknown,OTJ,93,1
Neutralize the Guards,Unknown,OTJ,95,4
Nezumi Linkbreaker,Unknown,OTJ,96,3
Overzealous Muscle,Unknown,OTJ,97,4
Pitiless Carnage,Unknown,OTJ,98,1
Rakish Crew,Unknown,OTJ,99,2
Repulse,Unknown,OTP,13,2
Heartless Pillage,Unknown,OTP,14,4
Imp's Mischief,Unknown,OTP,15,1
Murder,Unknown,OTP,16,3
Reanimate,Unknown,OTP,18,2
Surgical Extraction,Unknown,OTP,19,1
Fierce Retribution,Unknown,OTP,2,2
Thoughtseize,Unknown,OTP,20,1
Collective Defiance,Unknown,OTP,21,1
Crackle with Power,Unknown,OTP,22,2
Electrodominance,Unknown,OTP,23,1
Fling,Unknown,OTP,24,4
Indomitable Creativity,Unknown,OTP,25,1
Skewer the Critics,Unknown,OTP,26,1
Skullcrack,Unknown,OTP,27,1
Clear Shot,Unknown,OTP,28,2
Force of Vigor,Unknown,OTP,29,1
Journey to Nowhere,Unknown,OTP,3,2
Primal Command,Unknown,OTP,31,2
Thornado,Unknown,OTP,33,3
Abrupt Decay,Unknown,OTP,34,1
Back for More,Unknown,OTP,36,1
Buried in the Garden,Unknown,OTP,38,4
Decisive Denial,Unknown,OTP,42,4
Hindering Light,Unknown,OTP,46,3
Humiliate,Unknown,OTP,47,1
Hypothesizzle,Unknown,OTP,48,4
Pariah,Unknown,OTP,5,1
Ride Down,Unknown,OTP,52,4
Savage Smash,Unknown,OTP,53,3
Terminal Agony,Unknown,OTP,55,1
Tyrant's Scorn,Unknown,OTP,56,4
Voidslime,Unknown,OTP,60,1
Unlicensed Hearse,Unknown,OTP,64,1
Dust Bowl,Unknown,OTP,65,2
Archive Trap,Unknown,OTP,7,1
Archmage's Charm,Unknown,OTP,8,1
Boundary Lands Ranger,Unknown,PIO,126,1
Heart-Piercer Manticore,Unknown,PIO,140,1
Ordeal of Purphoros,Unknown,PIO,149,1
Purphoros's Emissary,Unknown,PIO,152,1
Voyaging Satyr,Unknown,PIO,199,1
Azorius Charm,Unknown,PIO,205,1
Counterflux,Unknown,PIO,213,1
Dragonlord Silumgar,Unknown,PIO,220,1
Imperious Oligarch,Unknown,PIO,227,1
Lyev Skyknight,Unknown,PIO,231,1
Martial Glory,Unknown,PIO,232,1
Sin Collector,Unknown,PIO,241,1
Zendikar Incarnate,Unknown,PIO,252,1
Darksteel Ingot,Unknown,PIO,254,1
Simic Guildgate,Unknown,PIO,276,1
Archaeomancer,Unknown,PIO,284,1
Sungrace Pegasus,Unknown,PIO,325,1
Aetherling,Unknown,PIO,43,1
Fallaji Archaeologist,Unknown,PIO,55,1
Mizzium Skin,Unknown,PIO,64,1
Cruel Revival,Unknown,PIO,87,1
Borrowed Malevolence,Unknown,SIR,100,1
Certain Death,Unknown,SIR,102,1
Noosegraf Mob,Unknown,SIR,126,1
Stromkirk Condemned,Unknown,SIR,134,1
Voldaren Pariah // Abolisher of Bloodlines,Unknown,SIR,138,1
Alchemist's Greeting,Unknown,SIR,140,1
Lightning Axe,Unknown,SIR,166,1
Stensia Masquerade,Unknown,SIR,178,1
Confront the Unknown,Unknown,SIR,190,1
Shrill Howler // Howling Chorus,Unknown,SIR,214,1
Drogskol Shieldmate,Unknown,SIR,26,1
True-Faith Censer,Unknown,SIR,262,1
Plains,Unknown,SIR,277,1
Plains,Unknown,SIR,278,1
Plains,Unknown,SIR,279,1
Island,Unknown,SIR,280,1
Island,Unknown,SIR,281,1
Island,Unknown,SIR,282,1
Swamp,Unknown,SIR,283,1
Swamp,Unknown,SIR,284,1
Swamp,Unknown,SIR,285,1
Mountain,Unknown,SIR,286,1
Mountain,Unknown,SIR,287,1
Mountain,Unknown,SIR,288,1
Forest,Unknown,SIR,289,1
Forest,Unknown,SIR,290,1
Forest,Unknown,SIR,291,1
Humble the Brute,Unknown,SIR,34,1
Convolute,Unknown,SIR,57,1
Drag Under,Unknown,SIR,62,1
Drunau Corpse Trawler,Unknown,SIR,64,1
Laboratory Brute,Unknown,SIR,79,2
Pieces of the Puzzle,Unknown,SIR,85,1
Forbidden Alchemy,Unknown,SIS,15,1
Brimstone Volley,Unknown,SIS,38,1
Doomed Traveler,Unknown,SIS,5,1
Extraction Specialist,Unknown,SNC,12,1
High-Rise Sawjack,Unknown,SNC,150,3
Topiary Stomper,Unknown,SNC,160,1
Inspiring Overseer,Unknown,SNC,18,3
Kill Shot,Unknown,SNC,19,2
Backup Agent,Unknown,SNC,2,3
Island,Unknown,SNC,264,1
Mountain,Unknown,SNC,268,1
Forest,Unknown,SNC,271,1
A-High-Rise Sawjack,Unknown,SNC,A-150,3
Zombify,Unknown,SOA,36,1
Monstrous Rage,Unknown,SOA,45,1
Pyretic Ritual,Unknown,SOA,46,1
Glimpse of Nature,Unknown,SOA,53,1
Royal Treatment,Unknown,SOA,56,1
Shared Roots,Unknown,SOA,58,1
One with Nothing,Unknown,SOK,84,4
Dig Site Inventory,Unknown,SOS,10,1
Ulna Alley Shopkeep,Unknown,SOS,103,1
Improvisation Capstone,Unknown,SOS,120,1
Tome Blast,Unknown,SOS,135,1
Unsubtle Mockery,Unknown,SOS,136,2
Efflorescence,Unknown,SOS,144,1
Hungry Graffalon,Unknown,SOS,151,1
Mindful Biomancer,Unknown,SOS,154,1
Shopkeeper's Bane,Unknown,SOS,159,1
Borrowed Knowledge,Unknown,SOS,178,1
Colorstorm Stallion,Unknown,SOS,180,1
Dina's Guidance,Unknown,SOS,184,1
Embrace the Paradox,Unknown,SOS,186,1
Fractal Mascot,Unknown,SOS,189,1
Proctor's Gaze,Unknown,SOS,213,1
Stadium Tidalmage,Unknown,SOS,232,1
Startled Relic Sloth,Unknown,SOS,233,1
Mage Tower Referee,Unknown,SOS,249,1
"Page, Loose Leaf",Unknown,SOS,250,1
Potioner's Trove,Unknown,SOS,251,1
Plains,Unknown,SOS,272,1
Plains,Unknown,SOS,273,1
Island,Unknown,SOS,274,1
Island,Unknown,SOS,275,1
Swamp,Unknown,SOS,276,1
Swamp,Unknown,SOS,277,1
Mountain,Unknown,SOS,278,1
Mountain,Unknown,SOS,279,1
Forest,Unknown,SOS,280,1
Forest,Unknown,SOS,281,1
Rehearsed Debater,Unknown,SOS,29,1
Stone Docent,Unknown,SOS,36,1
"Orysa, Tide Choreographer",Unknown,SOS,62,1
Quick Study,Unknown,SOS,65,1
Spellbook Seeker // Careful Study,Unknown,SOS,68,1
Textbook Tabulator,Unknown,SOS,70,1
Eternal Student,Unknown,SOS,82,1
Last Gasp,Unknown,SOS,86,1
Fire-Rim Form,Unknown,TDM,107,2
Meticulous Artisan,Unknown,TDM,112,1
Molten Exhale,Unknown,TDM,113,1
"Sarkhan, Dragon Ascendant",Unknown,TDM,118,1
Fortress Kin-Guard,Unknown,TDM,12,1
Summit Intimidator,Unknown,TDM,125,1
Twin Bolt,Unknown,TDM,128,1
Ainok Wayfarer,Unknown,TDM,134,1
Dragonbroods' Relic,Unknown,TDM,140,1
Sagu Pummeler,Unknown,TDM,156,1
Sagu Wildling // Roost Seek,Unknown,TDM,157,1
Sarkhan's Resolve,Unknown,TDM,158,1
Mardu Devotee,Unknown,TDM,16,1
Trade Route Envoy,Unknown,TDM,163,1
Awaken the Honored Dead,Unknown,TDM,170,1
Cori Mountain Stalwart,Unknown,TDM,175,1
Poised Practitioner,Unknown,TDM,18,1
Fangkeeper's Familiar,Unknown,TDM,183,1
Glacial Dragonhunt,Unknown,TDM,188,1
Gurmag Nightwatch,Unknown,TDM,190,1
Kheru Goldkeeper,Unknown,TDM,199,1
Rebellious Strike,Unknown,TDM,20,1
Kin-Tree Severance,Unknown,TDM,200,1
Reputable Merchant,Unknown,TDM,217,2
Smile at Death,Unknown,TDM,24,1
Watcher of the Wayside,Unknown,TDM,249,1
Plains,Unknown,TDM,277,1
Plains,Unknown,TDM,278,1
Island,Unknown,TDM,279,1
Island,Unknown,TDM,280,1
Swamp,Unknown,TDM,281,1
Swamp,Unknown,TDM,282,1
Mountain,Unknown,TDM,283,1
Mountain,Unknown,TDM,284,1
Forest,Unknown,TDM,285,1
Forest,Unknown,TDM,286,1
Bearer of Glory,Unknown,TDM,4,1
Highspire Bell-Ringer,Unknown,TDM,47,1
Sibsig Appraiser,Unknown,TDM,56,1
Caustic Exhale,Unknown,TDM,74,1
Delta Bloodflies,Unknown,TDM,77,1
Kin-Tree Nurturer,Unknown,TDM,83,1
Sandskitter Outrider,Unknown,TDM,89,1
Worthy Cost,Unknown,TDM,99,2
Avatar Enthusiasts,Unknown,TLA,11,1
Zuko's Conviction,Unknown,TLA,123,1
Boar-q-pine,Unknown,TLA,124,1
Compassionate Healer,Unknown,TLA,13,1
Cycle of Renewal,Unknown,TLA,170,1
Earthbender Ascension,Unknown,TLA,175,1
Earthen Ally,Unknown,TLA,177,1
Enter the Avatar State,Unknown,TLA,18,1
Raucous Audience,Unknown,TLA,190,2
Walltop Sentries,Unknown,TLA,202,1
Abandon Attachments,Unknown,TLA,205,1
Cat-Owl,Unknown,TLA,212,1
Dragonfly Swarm,Unknown,TLA,215,1
Messenger Hawk,Unknown,TLA,234,1
Plains,Unknown,TLA,282,1
Island,Unknown,TLA,283,1
Swamp,Unknown,TLA,284,1
Mountain,Unknown,TLA,285,1
Forest,Unknown,TLA,286,1
Razor Rings,Unknown,TLA,33,1
Ember Island Production,Unknown,TLA,48,1
Invasion Submersible,Unknown,TLA,57,1
It'll Quench Ya!,Unknown,TLA,58,1
Rowdy Snowballers,Unknown,TLA,68,1
Secret of Bloodbending,Unknown,TLA,69,1
Corrupt Court Official,Unknown,TLA,92,1
Rock Soldiers,Unknown,TMT,107,1
Cowabunga!,Unknown,TMT,113,1
The Last Ronin's Technique,Unknown,TMT,12,1
Primordial Pachyderm,Unknown,TMT,129,1
Tenderize,Unknown,TMT,133,1
EPF Point Squad,Unknown,TMT,145,1
Nobody,Unknown,TMT,161,1
"Pizza Face, Gastromancer",Unknown,TMT,163,1
Punk Frogs,Unknown,TMT,164,1
Putrid Pals,Unknown,TMT,165,1
Plains,Unknown,TMT,315,1
Island,Unknown,TMT,316,1
Swamp,Unknown,TMT,317,1
Mountain,Unknown,TMT,318,1
Forest,Unknown,TMT,319,1
Fugitive Droid,Unknown,TMT,40,1
"Kitsune, Dragon's Daughter",Unknown,TMT,41,1
Mind Transfer Protocol,Unknown,TMT,45,1
Utrom Scientists,Unknown,TMT,56,2
"Armaggon, Future Shark",Unknown,TMT,58,1
Dream Beavers,Unknown,TMT,62,1
Foot Mystic,Unknown,TMT,63,1
"Rat King, Verminister",Unknown,TMT,71,1
Squirrelanoids,Unknown,TMT,81,1
Null Group Biological Assets,Unknown,TMT,98,1
Card_101314,Unknown,Unknown,101314,1
Card_101315,Unknown,Unknown,101315,1
Card_101318,Unknown,Unknown,101318,1
Card_101322,Unknown,Unknown,101322,1
Card_101323,Unknown,Unknown,101323,1
Card_101332,Unknown,Unknown,101332,1
Card_101333,Unknown,Unknown,101333,1
Card_104128,Unknown,Unknown,104128,1
Card_104137,Unknown,Unknown,104137,2
Card_104139,Unknown,Unknown,104139,1
Card_104143,Unknown,Unknown,104143,1
Card_104145,Unknown,Unknown,104145,1
Card_104155,Unknown,Unknown,104155,1
Card_104156,Unknown,Unknown,104156,1
Card_58167,Unknown,Unknown,58167,1
Card_58447,Unknown,Unknown,58447,1
Card_58453,Unknown,Unknown,58453,1
Card_58455,Unknown,Unknown,58455,1
Card_82562,Unknown,Unknown,82562,1
Card_82647,Unknown,Unknown,82647,1
Card_84168,Unknown,Unknown,84168,1
Card_84172,Unknown,Unknown,84172,1
Card_84173,Unknown,Unknown,84173,1
Card_84174,Unknown,Unknown,84174,1
Card_84175,Unknown,Unknown,84175,1
Card_84177,Unknown,Unknown,84177,2
Card_84178,Unknown,Unknown,84178,1
Card_84182,Unknown,Unknown,84182,3
Card_84184,Unknown,Unknown,84184,1
Card_84188,Unknown,Unknown,84188,1
Card_84190,Unknown,Unknown,84190,1
Card_84191,Unknown,Unknown,84191,1
Card_84193,Unknown,Unknown,84193,1
Card_84195,Unknown,Unknown,84195,1
Card_84196,Unknown,Unknown,84196,2
Card_84198,Unknown,Unknown,84198,1
Card_84968,Unknown,Unknown,84968,2
Card_86461,Unknown,Unknown,86461,2
Card_86466,Unknown,Unknown,86466,1
Card_86468,Unknown,Unknown,86468,2
Card_86469,Unknown,Unknown,86469,2
Card_86470,Unknown,Unknown,86470,2
Card_86477,Unknown,Unknown,86477,1
Card_86482,Unknown,Unknown,86482,1
Card_86484,Unknown,Unknown,86484,1
Card_86485,Unknown,Unknown,86485,1
Card_86486,Unknown,Unknown,86486,1
Card_86487,Unknown,Unknown,86487,1
Card_90284,Unknown,Unknown,90284,1
Card_90293,Unknown,Unknown,90293,1
Card_90297,Unknown,Unknown,90297,1
Card_90299,Unknown,Unknown,90299,2
Card_90300,Unknown,Unknown,90300,1
Card_90302,Unknown,Unknown,90302,1
Card_90308,Unknown,Unknown,90308,1
Card_91497,Unknown,Unknown,91497,1
Card_91498,Unknown,Unknown,91498,2
Card_91499,Unknown,Unknown,91499,1
Card_91505,Unknown,Unknown,91505,1
Card_91510,Unknown,Unknown,91510,1
Card_91519,Unknown,Unknown,91519,1
Card_91520,Unknown,Unknown,91520,1
Card_94211,Unknown,Unknown,94211,1
Card_96354,Unknown,Unknown,96354,4
Card_96368,Unknown,Unknown,96368,1
Card_96374,Unknown,Unknown,96374,1
Card_96384,Unknown,Unknown,96384,2
Card_96385,Unknown,Unknown,96385,1
Card_96387,Unknown,Unknown,96387,1
Card_96394,Unknown,Unknown,96394,1
Card_96395,Unknown,Unknown,96395,1
Card_96397,Unknown,Unknown,96397,1
Card_96865,Unknown,Unknown,96865,1
Card_97040,Unknown,Unknown,97040,1
Card_97049,Unknown,Unknown,97049,1
Card_97055,Unknown,Unknown,97055,3
Card_97057,Unknown,Unknown,97057,1
Card_97062,Unknown,Unknown,97062,1
Card_97065,Unknown,Unknown,97065,1
Card_98800,Unknown,Unknown,98800,1
Card_98801,Unknown,Unknown,98801,2
Card_98810,Unknown,Unknown,98810,2
Card_98817,Unknown,Unknown,98817,1
Card_98823,Unknown,Unknown,98823,2
Abrade,Unknown,VOW,139,3
Ancestral Anger,Unknown,VOW,142,4
Creepy Puppeteer,Unknown,VOW,151,1
Voldaren Epicure,Unknown,VOW,182,4
Ascendant Packleader,Unknown,VOW,186,1
Flourishing Hunter,Unknown,VOW,199,2
Glorious Sunrise,Unknown,VOW,200,1
Spore Crawler,Unknown,VOW,222,3
Witch's Web,Unknown,VOW,227,3
Nebelgast Beguiler,Unknown,VOW,25,2
Plains,Unknown,VOW,398,1
Island,Unknown,VOW,399,1
Mountain,Unknown,VOW,401,1
Unholy Officiant,Unknown,VOW,41,2
Welcoming Vampire,Unknown,VOW,46,1
Consuming Tide,Unknown,VOW,53,1
Dreamshackle Geist,Unknown,VOW,58,1
Hullbreaker Horror,Unknown,VOW,63,1
Serpentine Ambush,Unknown,VOW,77,3
Wretched Throng,Unknown,VOW,91,4
A-Dreamshackle Geist,Unknown,VOW,A-58,1
Mintstrosity,Unknown,WOE,100,3
Not Dead After All,Unknown,WOE,101,1
Rankle's Prank,Unknown,WOE,102,1
Rat Out,Unknown,WOE,103,2
Scream Puff,Unknown,WOE,105,2
Stingblade Assassin,Unknown,WOE,109,1
Sugar Rush,Unknown,WOE,110,2
Sweettooth Witch,Unknown,WOE,111,3
Taken by Nightmares,Unknown,WOE,112,2
Virtue of Persistence // Locthwain Scorn,Unknown,WOE,115,1
Warehouse Tabby,Unknown,WOE,117,1
Wicked Visitor,Unknown,WOE,118,1
Eerie Interference,Unknown,WOE,12,1
Belligerent of the Ball,Unknown,WOE,120,1
Bellowing Bruiser // Beat a Path,Unknown,WOE,121,1
Bespoke Battlegarb,Unknown,WOE,122,1
Charming Scoundrel,Unknown,WOE,124,1
Cut In,Unknown,WOE,125,2
Edgewall Pack,Unknown,WOE,126,2
Embereth Veteran,Unknown,WOE,127,2
Flick a Coin,Unknown,WOE,128,2
Expel the Interlopers,Unknown,WOE,13,1
Frantic Firebolt,Unknown,WOE,130,2
"Goddric, Cloaked Reveler",Unknown,WOE,132,4
Grand Ball Guest,Unknown,WOE,134,1
Kindled Heroism,Unknown,WOE,138,1
Korvold and the Noble Thief,Unknown,WOE,139,1
Merry Bards,Unknown,WOE,140,1
Minecart Daredevil // Ride the Rails,Unknown,WOE,141,1
Monstrous Rage,Unknown,WOE,142,4
Ratcatcher Trainee // Pest Problem,Unknown,WOE,144,2
Realm-Scorcher Hellkite,Unknown,WOE,145,1
Redcap Thief,Unknown,WOE,147,1
Rotisserie Elemental,Unknown,WOE,148,1
Skewer Slinger,Unknown,WOE,149,2
Tattered Ratter,Unknown,WOE,152,2
Torch the Tower,Unknown,WOE,153,1
Two-Headed Hunter // Twice the Rage,Unknown,WOE,155,1
Glass Casket,Unknown,WOE,16,1
Beanstalk Wurm // Plant Beans,Unknown,WOE,161,2
Bestial Bloodline,Unknown,WOE,162,1
Brave the Wilds,Unknown,WOE,165,1
Commune with Nature,Unknown,WOE,166,2
Hopeful Vigil,Unknown,WOE,17,3
Ferocious Werefox // Guard Change,Unknown,WOE,170,1
Gruff Triplets,Unknown,WOE,172,1
Hollow Scavenger // Bakery Raid,Unknown,WOE,174,2
The Huntsman's Redemption,Unknown,WOE,176,1
Leaping Ambush,Unknown,WOE,177,2
Redtooth Genealogist,Unknown,WOE,179,1
Redtooth Vanguard,Unknown,WOE,180,1
Return from the Wilds,Unknown,WOE,181,2
Rootrider Faun,Unknown,WOE,182,3
Royal Treatment,Unknown,WOE,183,3
Spider Food,Unknown,WOE,186,2
Stormkeld Vanguard // Bear Down,Unknown,WOE,187,1
Territorial Witchstalker,Unknown,WOE,189,3
Titanic Growth,Unknown,WOE,191,2
Toadstool Admirer,Unknown,WOE,192,2
Tough Cookie,Unknown,WOE,193,1
Verdant Outrider,Unknown,WOE,196,1
Agatha of the Vile Cauldron,Unknown,WOE,199,1
Moment of Valor,Unknown,WOE,20,2
"Ash, Party Crasher",Unknown,WOE,201,1
Faunsbane Troll,Unknown,WOE,203,1
The Goose Mother,Unknown,WOE,204,1
"Greta, Sweettooth Scourge",Unknown,WOE,205,1
"Johann, Apprentice Sorcerer",Unknown,WOE,207,2
Moonshaker Cavalry,Unknown,WOE,21,1
"Obyra, Dreaming Duelist",Unknown,WOE,210,2
"Rowan, Scion of War",Unknown,WOE,211,1
Sharae of Numbing Depths,Unknown,WOE,213,1
"Talion, the Kindly Lord",Unknown,WOE,215,1
"Yenna, Redtooth Regent",Unknown,WOE,219,1
Plunge into Winter,Unknown,WOE,22,1
Callous Sell-Sword // Burn Together,Unknown,WOE,221,4
Decadent Dragon // Expensive Taste,Unknown,WOE,223,1
Gingerbread Hunter // Puny Snack,Unknown,WOE,227,1
Imodane's Recruiter // Train Troops,Unknown,WOE,229,4
Mosswood Dreadknight // Dread Whispers,Unknown,WOE,231,1
Picnic Ruiner // Stolen Goodies,Unknown,WOE,232,1
Scalding Viper // Steam Clean,Unknown,WOE,235,1
Spellscorn Coven // Take It Back,Unknown,WOE,237,2
Threadbind Clique // Rip the Seams,Unknown,WOE,239,2
Protective Parents,Unknown,WOE,24,1
Woodland Acolyte // Mend the Wilds,Unknown,WOE,241,1
Candy Trail,Unknown,WOE,243,1
Collector's Vault,Unknown,WOE,244,1
The Irencrag,Unknown,WOE,248,1
"Syr Ginger, the Meal Ender",Unknown,WOE,252,1
Crystal Grotto,Unknown,WOE,254,2
Evolving Wilds,Unknown,WOE,256,1
Restless Bivouac,Unknown,WOE,257,1
Restless Fortress,Unknown,WOE,259,1
Return Triumphant,Unknown,WOE,26,1
Plains,Unknown,WOE,267,1
Plains,Unknown,WOE,268,1
Island,Unknown,WOE,269,1
Island,Unknown,WOE,270,1
Swamp,Unknown,WOE,271,1
Swamp,Unknown,WOE,272,1
Mountain,Unknown,WOE,273,1
Mountain,Unknown,WOE,274,1
Forest,Unknown,WOE,275,1
Forest,Unknown,WOE,276,1
Armory Mice,Unknown,WOE,3,2
Faerie Slumber Party,Unknown,WOE,311,1
Experimental Confectioner,Unknown,WOE,314,2
Stockpiling Celebrant,Unknown,WOE,32,2
Provisions Merchant,Unknown,WOE,321,2
Wildwood Mentor,Unknown,WOE,322,1
Tuinvale Guide,Unknown,WOE,36,1
Aquatic Alchemist // Bubble Up,Unknown,WOE,40,2
Asinine Antics,Unknown,WOE,42,1
Chancellor of Tales,Unknown,WOE,45,1
Diminisher Witch,Unknown,WOE,46,1
Extraordinary Journey,Unknown,WOE,48,1
Freeze in Place,Unknown,WOE,50,2
Gadwick's First Duel,Unknown,WOE,51,1
Johann's Stopgap,Unknown,WOE,58,1
Living Lectern,Unknown,WOE,59,1
Charmed Clothier,Unknown,WOE,6,1
Mocking Sprite,Unknown,WOE,62,3
Obyra's Attendants // Desperate Parry,Unknown,WOE,63,1
Picklock Prankster // Free the Fae,Unknown,WOE,64,2
Quick Study,Unknown,WOE,65,3
Sleep-Cursed Faerie,Unknown,WOE,66,1
Sleight of Hand,Unknown,WOE,67,3
Snaremaster Sprite,Unknown,WOE,68,2
Spell Stutter,Unknown,WOE,69,2
Stormkeld Prowler,Unknown,WOE,71,2
Talion's Messenger,Unknown,WOE,73,1
Tenacious Tomeseeker,Unknown,WOE,74,1
Vantress Transmuter // Croaking Curse,Unknown,WOE,75,1
"Ashiok, Wicked Manipulator",Unknown,WOE,78,1
Ashiok's Reaper,Unknown,WOE,79,1
Cooped Up,Unknown,WOE,8,2
Back for Seconds,Unknown,WOE,80,1
Barrow Naughty,Unknown,WOE,81,2
Eriette's Whisper,Unknown,WOE,88,2
Faerie Dreamthief,Unknown,WOE,89,1
Faerie Fencing,Unknown,WOE,90,2
Feed the Cauldron,Unknown,WOE,91,2
Fell Horseman // Deathly Ride,Unknown,WOE,92,2
Gumdrop Poisoner // Tempt with Treats,Unknown,WOE,93,1
Lich-Knights' Conquest,Unknown,WOE,96,1
Lord Skitter's Butcher,Unknown,WOE,99,2
Forced Fruition,Unknown,WOT,18,1
Dawn of Hope,Unknown,WOT,2,1
Hatching Plans,Unknown,WOT,20,1
Dark Tutelage,Unknown,WOT,28,2
Grasp of Fate,Unknown,WOT,3,2
Oppression,Unknown,WOT,32,1
Sanguine Bond,Unknown,WOT,35,1
Vampiric Rites,Unknown,WOT,37,1
Dragon Mantle,Unknown,WOT,41,2
Impact Tremors,Unknown,WOT,44,1
Griffin Aerie,Unknown,WOT,5,1
Intangible Virtue,Unknown,WOT,6,2
Utopia Sprawl,Unknown,WOT,63,1
Knightly Valor,Unknown,WOT,8,1
Lightning Strike,Unknown,XLN,149,1
Brave Meadowguard,Unknown,YBLB,13,1
Cottontail Caretaker,Unknown,YBLB,2,1
Ace Flockbringer,Unknown,YBLB,20,1
Dazzling Flameweaver,Unknown,YBLB,23,1
Sandcloud Harbinger,Unknown,YBLB,3,1
Pool Resources,Unknown,YBLB,6,1
Shellfish Scholar,Unknown,YBLB,7,1
Benalish Knight-Counselor,Unknown,YDMU,1,2
"Reezug, the Bonecobbler",Unknown,YDMU,10,1
Ghitu Embercoiler,Unknown,YDMU,12,1
Marwyn's Kindred,Unknown,YDMU,16,1
Vesuvan Mist,Unknown,YDMU,7,2
Diminished Returner,Unknown,YDMU,9,2
Replicating Terror,Unknown,YDSK,10,1
Anguished Recollection,Unknown,YDSK,12,1
Harrowing Swarm,Unknown,YDSK,16,2
Fear of Change,Unknown,YDSK,21,1
Mischievous Lookout,Unknown,YDSK,25,1
Wingbright Thief,Unknown,YDSK,29,1
Mothlight Processionist,Unknown,YDSK,3,1
Glimmer Hoarder,Unknown,YDSK,8,1
Scrutiny of the Guildpact,Unknown,YMKM,1,1
Lurking Spinecrawler,Unknown,YMKM,10,1
Case of the Market Melee,Unknown,YMKM,13,1
Relics of the Rubblebelt,Unknown,YMKM,19,1
Sproutwatch Dryad,Unknown,YMKM,20,1
Mapping the Maze,Unknown,YMKM,7,1
"Cerise, Slayer of Fear",Unknown,YWOE,1,1
Victory of the Pyrohammer,Unknown,YWOE,12,1
First Little Pig,Unknown,YWOE,18,2
Porcine Portent // Lend a Ham,Unknown,YWOE,23,1
Second Little Pig,Unknown,YWOE,24,2
Syr Joshua and Syr Saxon,Unknown,YWOE,27,1
Third Little Pig,Unknown,YWOE,28,1
Paths of Tuinvale,Unknown,YWOE,4,1
Dunbarrow Revivalist,Unknown,YWOE,7,1
Draconic Debut,Unknown,YWOE,9,1
